-- phpMyAdmin SQL Dump
-- version 5.2.1
-- https://www.phpmyadmin.net/
--
-- Host: 127.0.0.1
-- Generation Time: Feb 08, 2026 at 06:26 PM
-- Wersja serwera: 10.4.32-MariaDB
-- Wersja PHP: 8.2.12

SET SQL_MODE = "NO_AUTO_VALUE_ON_ZERO";
START TRANSACTION;
SET time_zone = "+00:00";


/*!40101 SET @OLD_CHARACTER_SET_CLIENT=@@CHARACTER_SET_CLIENT */;
/*!40101 SET @OLD_CHARACTER_SET_RESULTS=@@CHARACTER_SET_RESULTS */;
/*!40101 SET @OLD_COLLATION_CONNECTION=@@COLLATION_CONNECTION */;
/*!40101 SET NAMES utf8mb4 */;

--
-- Database: `family_finance_database`
--

-- --------------------------------------------------------

--
-- Struktura tabeli dla tabeli `budgets`
--

CREATE TABLE `budgets` (
  `id` int(11) NOT NULL,
  `family_id` int(11) DEFAULT NULL,
  `user_id` int(11) DEFAULT NULL,
  `name` varchar(100) NOT NULL,
  `period_type` enum('monthly','yearly','custom') DEFAULT 'monthly',
  `start_date` date NOT NULL,
  `end_date` date NOT NULL,
  `currency` char(3) DEFAULT 'PLN',
  `total_limit` decimal(10,2) DEFAULT 0.00,
  `created_at` datetime DEFAULT current_timestamp(),
  `updated_at` datetime DEFAULT current_timestamp() ON UPDATE current_timestamp()
) ENGINE=InnoDB DEFAULT CHARSET=utf8mb4 COLLATE=utf8mb4_general_ci;

--
-- Dumping data for table `budgets`
--

INSERT INTO `budgets` (`id`, `family_id`, `user_id`, `name`, `period_type`, `start_date`, `end_date`, `currency`, `total_limit`, `created_at`, `updated_at`) VALUES
(67, NULL, 86, 'Wydatki na jedzenie', 'custom', '2025-12-01', '2025-12-30', 'PLN', 1500.00, '2025-12-09 19:18:01', '2025-12-09 19:18:01'),
(68, 50, 88, 'Jedzenie', 'custom', '2025-12-01', '2025-12-31', 'PLN', 1000.00, '2025-12-20 13:04:48', '2025-12-20 13:04:48'),
(69, NULL, 92, 'jedzonko', 'custom', '2026-01-01', '2026-01-31', 'PLN', 1500.00, '2026-01-12 11:28:14', '2026-01-12 11:28:14'),
(70, 50, 88, 'opłaty', 'custom', '2026-01-01', '2026-01-31', 'PLN', 2000.00, '2026-01-16 17:01:19', '2026-01-16 17:01:19');

-- --------------------------------------------------------

--
-- Struktura tabeli dla tabeli `budget_items`
--

CREATE TABLE `budget_items` (
  `id` int(11) NOT NULL,
  `budget_id` int(11) NOT NULL,
  `category_id` int(11) DEFAULT NULL,
  `limit_amount` decimal(30,12) NOT NULL DEFAULT 0.000000000000,
  `note` varchar(255) DEFAULT NULL,
  `currency` varchar(10) DEFAULT 'PLN'
) ENGINE=InnoDB DEFAULT CHARSET=utf8mb4 COLLATE=utf8mb4_general_ci;

--
-- Dumping data for table `budget_items`
--

INSERT INTO `budget_items` (`id`, `budget_id`, `category_id`, `limit_amount`, `note`, `currency`) VALUES
(97, 67, 1, 1500.000000000000, NULL, 'PLN'),
(98, 68, 1, 1000.000000000000, NULL, 'PLN'),
(99, 69, 1, 1500.000000000000, NULL, 'PLN'),
(100, 70, 15, 2000.000000000000, NULL, 'PLN');

-- --------------------------------------------------------

--
-- Struktura tabeli dla tabeli `categories`
--

CREATE TABLE `categories` (
  `id` int(11) NOT NULL,
  `name` varchar(100) NOT NULL,
  `type` enum('expense','income') NOT NULL,
  `is_global` tinyint(1) DEFAULT 0,
  `created_at` datetime DEFAULT current_timestamp(),
  `updated_at` datetime DEFAULT current_timestamp() ON UPDATE current_timestamp()
) ENGINE=InnoDB DEFAULT CHARSET=utf8mb4 COLLATE=utf8mb4_general_ci;

--
-- Dumping data for table `categories`
--

INSERT INTO `categories` (`id`, `name`, `type`, `is_global`, `created_at`, `updated_at`) VALUES
(1, 'Jedzenie', 'expense', 1, '2025-10-18 19:22:33', '2025-10-18 19:22:33'),
(2, 'Transport', 'expense', 1, '2025-10-18 19:22:33', '2025-10-18 19:22:33'),
(3, 'Zakwaterowanie', 'expense', 1, '2025-10-18 19:22:33', '2025-10-18 19:22:33'),
(4, 'Rozrywka', 'expense', 1, '2025-10-18 19:22:33', '2025-10-18 19:22:33'),
(5, 'Zdrowie', 'expense', 1, '2025-10-18 19:22:33', '2025-10-18 19:22:33'),
(6, 'Ubrania i obuwie', 'expense', 1, '2025-10-18 19:22:33', '2025-10-18 19:22:33'),
(7, 'Edukacja', 'expense', 1, '2025-10-18 19:22:33', '2025-10-18 19:22:33'),
(8, 'Dom i mieszkanie', 'expense', 1, '2025-10-18 19:22:33', '2025-10-18 19:22:33'),
(9, 'Hobby', 'expense', 1, '2025-10-18 19:22:33', '2025-10-18 19:22:33'),
(10, 'Technologia', 'expense', 1, '2025-10-18 19:22:33', '2025-10-18 19:22:33'),
(11, 'Podróże', 'expense', 1, '2025-10-18 19:22:33', '2025-10-18 19:22:33'),
(12, 'Sport', 'expense', 1, '2025-10-18 19:22:33', '2025-10-18 19:22:33'),
(13, 'Kosmetyki i higiena', 'expense', 1, '2025-10-18 19:22:33', '2025-10-18 19:22:33'),
(14, 'Zwierzaki', 'expense', 1, '2025-10-18 19:22:33', '2025-10-18 19:22:33'),
(15, 'Opłaty i rachunki', 'expense', 1, '2025-10-18 19:22:33', '2025-10-18 19:22:33'),
(16, 'Prezenty i okazje', 'expense', 1, '2025-10-18 19:22:33', '2025-10-18 19:22:33'),
(17, 'Darowizny i wsparcie', 'expense', 1, '2025-10-18 19:22:33', '2025-10-18 19:22:33'),
(18, 'Finanse i inwestycje', 'expense', 1, '2025-10-18 19:22:33', '2025-10-18 19:22:33'),
(19, 'Ubezpieczenia', 'expense', 1, '2025-10-18 19:22:33', '2025-10-18 19:22:33'),
(20, 'Inne wydatki', 'expense', 1, '2025-10-18 19:22:33', '2025-10-18 19:22:33'),
(21, 'Przychody z pracy', 'income', 1, '2025-10-18 19:22:45', '2025-10-18 19:22:45'),
(22, 'Przychody dodatkowe', 'income', 1, '2025-10-18 19:22:45', '2025-10-18 19:22:45'),
(23, 'Inwestycje', 'income', 1, '2025-10-18 19:22:45', '2025-10-18 19:22:45'),
(24, 'Darowizny i prezenty', 'income', 1, '2025-10-18 19:22:45', '2025-10-18 19:22:45'),
(25, 'Sprzedaż rzeczy używanych', 'income', 1, '2025-10-18 19:22:45', '2025-10-18 19:22:45');

-- --------------------------------------------------------

--
-- Struktura tabeli dla tabeli `families`
--

CREATE TABLE `families` (
  `id` int(11) NOT NULL,
  `family_name` varchar(100) NOT NULL,
  `region` varchar(50) NOT NULL,
  `created_at` timestamp NOT NULL DEFAULT current_timestamp()
) ENGINE=InnoDB DEFAULT CHARSET=utf8mb4 COLLATE=utf8mb4_general_ci;

--
-- Dumping data for table `families`
--

INSERT INTO `families` (`id`, `family_name`, `region`, `created_at`) VALUES
(1, 'Rodzina Kowalskich', 'mazowieckie', '2025-10-15 19:12:43'),
(2, 'Nowak Family', 'śląskie', '2025-10-15 19:12:43'),
(3, 'Smith Household', 'małopolskie', '2025-10-15 19:12:43'),
(4, 'Rodzina Wiśniewskich', 'wielkopolskie', '2025-10-15 19:12:43'),
(5, 'nowa testowa', 'dolnośląskie', '2025-10-17 17:02:09'),
(7, 'nowa testowaa', 'kujawsko-pomorskie', '2025-10-17 17:06:23'),
(8, 'test nowej rodziny', 'wielkopolskie', '2025-10-17 17:08:46'),
(9, 'testowa2', 'świętokrzyskie', '2025-10-17 17:14:11'),
(10, 'kolejny test', 'śląskie', '2025-10-17 17:25:26'),
(11, 'rodzina adamsow', 'podkarpackie', '2025-10-17 17:36:54'),
(12, 'RODZINA USEROW', 'dolnośląskie', '2025-10-17 17:42:02'),
(13, 'test', 'dolnośląskie', '2025-10-17 19:09:52'),
(14, 'nowa testowa', 'kujawsko-pomorskie', '2025-10-17 19:39:43'),
(15, 'nowa testowa', 'dolnośląskie', '2025-10-17 20:00:25'),
(17, 'TESTPOUID', 'lubuskie', '2025-10-18 09:38:43'),
(18, 'adifamily', 'podkarpackie', '2025-10-18 10:04:07'),
(20, 'XD2', 'łódzkie', '2025-10-18 12:20:52'),
(21, 'emkowscy', 'świętokrzyskie', '2025-10-18 15:56:16'),
(22, 'zxq', 'kujawsko-pomorskie', '2025-10-18 16:06:10'),
(23, 'XDDD2', 'dolnośląskie', '2025-10-18 18:12:03'),
(24, 'test', 'małopolskie', '2025-10-22 17:36:28'),
(25, 'nowa testowa', 'kujawsko-pomorskie', '2025-10-22 17:50:55'),
(26, 'test', 'lubelskie', '2025-10-22 17:51:29'),
(27, 'test nowej rodziny', 'łódzkie', '2025-10-22 17:55:12'),
(28, 'test', 'lubuskie', '2025-10-22 17:56:23'),
(29, '123zc', 'łódzkie', '2025-10-22 17:59:33'),
(31, 'xd123', 'kujawsko-pomorskie', '2025-10-26 15:13:46'),
(36, 'test1234', 'dolnośląskie', '2025-11-17 17:00:57'),
(37, 'RODZINKAPL', 'świętokrzyskie', '2025-11-19 17:56:37'),
(50, 'Kowalscy', 'podkarpackie', '2025-12-05 19:26:06'),
(51, 'makowscy', 'świętokrzyskie', '2026-01-05 12:45:45');

-- --------------------------------------------------------

--
-- Struktura tabeli dla tabeli `feedbacks`
--

CREATE TABLE `feedbacks` (
  `id` int(11) NOT NULL,
  `user_id` int(11) DEFAULT NULL,
  `type` enum('bug','suggestion','category_proposal','support') NOT NULL,
  `subject` varchar(255) NOT NULL,
  `message` text NOT NULL,
  `created_at` timestamp NOT NULL DEFAULT current_timestamp(),
  `status` enum('new','in_progress','resolved') DEFAULT 'new'
) ENGINE=InnoDB DEFAULT CHARSET=utf8mb4 COLLATE=utf8mb4_general_ci;

--
-- Dumping data for table `feedbacks`
--

INSERT INTO `feedbacks` (`id`, `user_id`, `type`, `subject`, `message`, `created_at`, `status`) VALUES
(31, 86, 'bug', 'PRZYKŁADOWY TEMAT BŁĘDU', 'PRZYKŁADOWA WIADOMOŚĆ BŁĘDU', '2025-12-03 18:30:48', 'new'),
(32, 88, 'suggestion', 'PRZYKŁADOWY TEMAT SUGESTII', 'PRZYKŁADOWA WIADOMOŚĆ SUGESTII', '2025-12-03 18:32:00', 'new'),
(33, 89, 'category_proposal', 'PRZYKŁADOWY TEMAT PROPOZYCJI KATEGORII', 'PRZYKŁADOWA WIADOMOŚĆ PROPOZYCJI KATEGORII', '2025-12-03 18:32:42', 'new'),
(34, 90, 'support', 'PRZYKŁADOWY TEMAT POMOCY TECHNICZNEJ', 'PRZYKŁADOWA WIADOMOŚĆ POMOCY TECHNICZNEJ', '2025-12-03 18:33:20', 'in_progress');

-- --------------------------------------------------------

--
-- Struktura tabeli dla tabeli `sub_categories`
--

CREATE TABLE `sub_categories` (
  `id` int(11) NOT NULL,
  `category_id` int(11) NOT NULL,
  `family_id` int(11) DEFAULT NULL,
  `user_id` int(11) DEFAULT NULL,
  `name` varchar(100) NOT NULL,
  `created_at` datetime DEFAULT current_timestamp(),
  `updated_at` datetime DEFAULT current_timestamp() ON UPDATE current_timestamp(),
  `is_global` tinyint(1) DEFAULT 1
) ENGINE=InnoDB DEFAULT CHARSET=utf8mb4 COLLATE=utf8mb4_general_ci;

--
-- Dumping data for table `sub_categories`
--

INSERT INTO `sub_categories` (`id`, `category_id`, `family_id`, `user_id`, `name`, `created_at`, `updated_at`, `is_global`) VALUES
(89, 1, NULL, NULL, 'Chleb i pieczywo', '2025-10-18 19:23:49', '2025-10-18 19:23:49', 1),
(90, 1, NULL, NULL, 'Owoce', '2025-10-18 19:23:49', '2025-10-18 19:23:49', 1),
(91, 1, NULL, NULL, 'Warzywa', '2025-10-18 19:23:49', '2025-10-18 19:23:49', 1),
(92, 1, NULL, NULL, 'Mięso', '2025-10-18 19:23:49', '2025-10-18 19:23:49', 1),
(93, 1, NULL, NULL, 'Ryby i owoce morza', '2025-10-18 19:23:49', '2025-10-18 19:23:49', 1),
(94, 1, NULL, NULL, 'Nabiał', '2025-10-18 19:23:49', '2025-10-18 19:23:49', 1),
(95, 1, NULL, NULL, 'Przekąski', '2025-10-18 19:23:49', '2025-10-18 19:23:49', 1),
(96, 1, NULL, NULL, 'Słodycze', '2025-10-18 19:23:49', '2025-10-18 19:23:49', 1),
(97, 1, NULL, NULL, 'Fast food', '2025-10-18 19:23:49', '2025-10-18 19:23:49', 1),
(98, 1, NULL, NULL, 'Napoje alkoholowe', '2025-10-18 19:23:49', '2025-10-18 19:23:49', 1),
(99, 1, NULL, NULL, 'Napoje bezalkoholowe', '2025-10-18 19:23:49', '2025-10-18 19:23:49', 1),
(100, 1, NULL, NULL, 'Przyprawy i dodatki', '2025-10-18 19:23:49', '2025-10-18 19:23:49', 1),
(101, 1, NULL, NULL, 'Produkty dietetyczne', '2025-10-18 19:23:49', '2025-10-18 19:23:49', 1),
(102, 2, NULL, NULL, 'Paliwo', '2025-10-18 19:23:49', '2025-10-18 19:23:49', 1),
(103, 2, NULL, NULL, 'Bilety komunikacji miejskiej', '2025-10-18 19:23:49', '2025-10-18 19:23:49', 1),
(104, 2, NULL, NULL, 'Taxi / Uber / Bolt', '2025-10-18 19:23:49', '2025-10-18 19:23:49', 1),
(105, 2, NULL, NULL, 'Parking', '2025-10-18 19:23:49', '2025-10-18 19:23:49', 1),
(106, 2, NULL, NULL, 'Ubezpieczenie pojazdu', '2025-10-18 19:23:49', '2025-10-18 19:23:49', 1),
(107, 2, NULL, NULL, 'Przeglądy i naprawy', '2025-10-18 19:23:49', '2025-10-18 19:23:49', 1),
(108, 2, NULL, NULL, 'Części samochodowe', '2025-10-18 19:23:49', '2025-10-18 19:23:49', 1),
(109, 2, NULL, NULL, 'Wypożyczenie auta', '2025-10-18 19:23:49', '2025-10-18 19:23:49', 1),
(110, 2, NULL, NULL, 'Rower i akcesoria', '2025-10-18 19:23:49', '2025-10-18 19:23:49', 1),
(111, 3, NULL, NULL, 'Czynsz', '2025-10-18 19:23:49', '2025-10-18 19:23:49', 1),
(112, 3, NULL, NULL, 'Media', '2025-10-18 19:23:49', '2025-10-18 19:23:49', 1),
(113, 3, NULL, NULL, 'Internet i TV', '2025-10-18 19:23:49', '2025-10-18 19:23:49', 1),
(114, 3, NULL, NULL, 'Remonty i naprawy', '2025-10-18 19:23:49', '2025-10-18 19:23:49', 1),
(115, 3, NULL, NULL, 'Umeblowanie', '2025-10-18 19:23:49', '2025-10-18 19:23:49', 1),
(116, 3, NULL, NULL, 'Sprzątanie', '2025-10-18 19:23:49', '2025-10-18 19:23:49', 1),
(117, 3, NULL, NULL, 'Materiały budowlane', '2025-10-18 19:23:49', '2025-10-18 19:23:49', 1),
(118, 4, NULL, NULL, 'Kino', '2025-10-18 19:23:49', '2025-10-18 19:23:49', 1),
(119, 4, NULL, NULL, 'Teatr', '2025-10-18 19:23:49', '2025-10-18 19:23:49', 1),
(120, 4, NULL, NULL, 'Koncerty', '2025-10-18 19:23:49', '2025-10-18 19:23:49', 1),
(121, 4, NULL, NULL, 'Gry komputerowe', '2025-10-18 19:23:49', '2025-10-18 19:23:49', 1),
(122, 4, NULL, NULL, 'Sport i fitness', '2025-10-18 19:23:49', '2025-10-18 19:23:49', 1),
(123, 4, NULL, NULL, 'Książki', '2025-10-18 19:23:49', '2025-10-18 19:23:49', 1),
(124, 4, NULL, NULL, 'Streaming', '2025-10-18 19:23:49', '2025-10-18 19:23:49', 1),
(125, 4, NULL, NULL, 'Wycieczki', '2025-10-18 19:23:49', '2025-10-18 19:23:49', 1),
(126, 4, NULL, NULL, 'Hobby i rękodzieło', '2025-10-18 19:23:49', '2025-10-18 19:23:49', 1),
(127, 5, NULL, NULL, 'Wizyta lekarska', '2025-10-18 19:23:49', '2025-10-18 19:23:49', 1),
(128, 5, NULL, NULL, 'Dentysta', '2025-10-18 19:23:49', '2025-10-18 19:23:49', 1),
(129, 5, NULL, NULL, 'Leki', '2025-10-18 19:23:49', '2025-10-18 19:23:49', 1),
(130, 5, NULL, NULL, 'Suplementy', '2025-10-18 19:23:49', '2025-10-18 19:23:49', 1),
(131, 5, NULL, NULL, 'Fizjoterapia', '2025-10-18 19:23:49', '2025-10-18 19:23:49', 1),
(132, 5, NULL, NULL, 'Kosmetologia', '2025-10-18 19:23:49', '2025-10-18 19:23:49', 1),
(133, 5, NULL, NULL, 'Psycholog / Terapia', '2025-10-18 19:23:49', '2025-10-18 19:23:49', 1),
(134, 6, NULL, NULL, 'Buty', '2025-10-18 19:23:49', '2025-10-18 19:23:49', 1),
(135, 6, NULL, NULL, 'Koszule i T-shirty', '2025-10-18 19:23:49', '2025-10-18 19:23:49', 1),
(136, 6, NULL, NULL, 'Spodnie', '2025-10-18 19:23:49', '2025-10-18 19:23:49', 1),
(137, 6, NULL, NULL, 'Kurtki i płaszcze', '2025-10-18 19:23:49', '2025-10-18 19:23:49', 1),
(138, 6, NULL, NULL, 'Bielizna', '2025-10-18 19:23:49', '2025-10-18 19:23:49', 1),
(139, 6, NULL, NULL, 'Dodatki i biżuteria', '2025-10-18 19:23:49', '2025-10-18 19:23:49', 1),
(140, 7, NULL, NULL, 'Szkoła', '2025-10-18 19:23:49', '2025-10-18 19:23:49', 1),
(141, 7, NULL, NULL, 'Kursy i szkolenia', '2025-10-18 19:23:49', '2025-10-18 19:23:49', 1),
(142, 7, NULL, NULL, 'Materiały edukacyjne', '2025-10-18 19:23:49', '2025-10-18 19:23:49', 1),
(143, 7, NULL, NULL, 'Egzaminy i certyfikaty', '2025-10-18 19:23:49', '2025-10-18 19:23:49', 1),
(144, 8, NULL, NULL, 'Meble', '2025-10-18 19:23:49', '2025-10-18 19:23:49', 1),
(145, 8, NULL, NULL, 'Dekoracje', '2025-10-18 19:23:49', '2025-10-18 19:23:49', 1),
(146, 8, NULL, NULL, 'Artykuły domowe', '2025-10-18 19:23:49', '2025-10-18 19:23:49', 1),
(147, 8, NULL, NULL, 'Sprzęt AGD', '2025-10-18 19:23:49', '2025-10-18 19:23:49', 1),
(148, 8, NULL, NULL, 'Sprzęt RTV', '2025-10-18 19:23:49', '2025-10-18 19:23:49', 1),
(149, 9, NULL, NULL, 'Instrumenty muzyczne', '2025-10-18 19:23:49', '2025-10-18 19:23:49', 1),
(150, 9, NULL, NULL, 'Materiały plastyczne', '2025-10-18 19:23:49', '2025-10-18 19:23:49', 1),
(151, 9, NULL, NULL, 'Modelarstwo', '2025-10-18 19:23:49', '2025-10-18 19:23:49', 1),
(152, 9, NULL, NULL, 'Gry planszowe', '2025-10-18 19:23:49', '2025-10-18 19:23:49', 1),
(153, 10, NULL, NULL, 'Komputery', '2025-10-18 19:23:49', '2025-10-18 19:23:49', 1),
(154, 10, NULL, NULL, 'Smartfony', '2025-10-18 19:23:49', '2025-10-18 19:23:49', 1),
(155, 10, NULL, NULL, 'Tablety', '2025-10-18 19:23:49', '2025-10-18 19:23:49', 1),
(156, 10, NULL, NULL, 'Akcesoria', '2025-10-18 19:23:49', '2025-10-18 19:23:49', 1),
(157, 10, NULL, NULL, 'Oprogramowanie', '2025-10-18 19:23:49', '2025-10-18 19:23:49', 1),
(158, 11, NULL, NULL, 'Hotele', '2025-10-18 19:23:49', '2025-10-18 19:23:49', 1),
(159, 11, NULL, NULL, 'Bilety lotnicze', '2025-10-18 19:23:49', '2025-10-18 19:23:49', 1),
(160, 11, NULL, NULL, 'Pociągi', '2025-10-18 19:23:49', '2025-10-18 19:23:49', 1),
(161, 11, NULL, NULL, 'Wynajem samochodu', '2025-10-18 19:23:49', '2025-10-18 19:23:49', 1),
(162, 11, NULL, NULL, 'Wycieczki zorganizowane', '2025-10-18 19:23:49', '2025-10-18 19:23:49', 1),
(163, 12, NULL, NULL, 'Siłownia', '2025-10-18 19:23:49', '2025-10-18 19:23:49', 1),
(164, 12, NULL, NULL, 'Kluby sportowe', '2025-10-18 19:23:49', '2025-10-18 19:23:49', 1),
(165, 12, NULL, NULL, 'Sprzęt sportowy', '2025-10-18 19:23:49', '2025-10-18 19:23:49', 1),
(166, 12, NULL, NULL, 'Odzież sportowa', '2025-10-18 19:23:49', '2025-10-18 19:23:49', 1),
(167, 13, NULL, NULL, 'Kosmetyki', '2025-10-18 19:23:49', '2025-10-18 19:23:49', 1),
(168, 13, NULL, NULL, 'Higiena osobista', '2025-10-18 19:23:49', '2025-10-18 19:23:49', 1),
(169, 13, NULL, NULL, 'Perfumy', '2025-10-18 19:23:49', '2025-10-18 19:23:49', 1),
(170, 13, NULL, NULL, 'Akcesoria do makijażu', '2025-10-18 19:23:49', '2025-10-18 19:23:49', 1),
(171, 14, NULL, NULL, 'Karma', '2025-10-18 19:23:49', '2025-10-18 19:23:49', 1),
(172, 14, NULL, NULL, 'Weterynarz', '2025-10-18 19:23:49', '2025-10-18 19:23:49', 1),
(173, 14, NULL, NULL, 'Akcesoria', '2025-10-18 19:23:49', '2025-10-18 19:23:49', 1),
(174, 15, NULL, NULL, 'Telefon', '2025-10-18 19:23:49', '2025-10-18 19:23:49', 1),
(175, 15, NULL, NULL, 'Internet', '2025-10-18 19:23:49', '2025-10-18 19:23:49', 1),
(176, 15, NULL, NULL, 'Prąd', '2025-10-18 19:23:49', '2025-10-18 19:23:49', 1),
(177, 15, NULL, NULL, 'Woda', '2025-10-18 19:23:49', '2025-10-18 19:23:49', 1),
(178, 15, NULL, NULL, 'Gaz', '2025-10-18 19:23:49', '2025-10-18 19:23:49', 1),
(179, 16, NULL, NULL, 'Prezenty dla rodziny', '2025-10-18 19:23:49', '2025-10-18 19:23:49', 1),
(180, 16, NULL, NULL, 'Prezenty dla przyjaciół', '2025-10-18 19:23:49', '2025-10-18 19:23:49', 1),
(181, 16, NULL, NULL, 'Okazje świąteczne', '2025-10-18 19:23:49', '2025-10-18 19:23:49', 1),
(182, 17, NULL, NULL, 'Organizacje charytatywne', '2025-10-18 19:23:49', '2025-10-18 19:23:49', 1),
(183, 17, NULL, NULL, 'Pomoc lokalna', '2025-10-18 19:23:49', '2025-10-18 19:23:49', 1),
(184, 21, NULL, NULL, 'Wypłata podstawowa', '2025-10-18 19:24:11', '2025-10-18 19:24:11', 1),
(185, 21, NULL, NULL, 'Premie i bonusy', '2025-10-18 19:24:11', '2025-10-18 19:24:11', 1),
(186, 21, NULL, NULL, 'Nagrody i dodatki', '2025-10-18 19:24:11', '2025-10-18 19:24:11', 1),
(187, 22, NULL, NULL, 'Freelance / Projekty', '2025-10-18 19:24:11', '2025-10-18 19:24:11', 1),
(188, 22, NULL, NULL, 'Sprzedaż rzeczy używanych', '2025-10-18 19:24:11', '2025-10-18 19:24:11', 1),
(189, 22, NULL, NULL, 'Darowizny od znajomych', '2025-10-18 19:24:11', '2025-10-18 19:24:11', 1),
(190, 22, NULL, NULL, 'Inne źródła', '2025-10-18 19:24:11', '2025-10-18 19:24:11', 1),
(191, 23, NULL, NULL, 'Dywidendy', '2025-10-18 19:24:11', '2025-10-18 19:24:11', 1),
(192, 23, NULL, NULL, 'Odsetki bankowe', '2025-10-18 19:24:11', '2025-10-18 19:24:11', 1),
(193, 23, NULL, NULL, 'Kryptowaluty', '2025-10-18 19:24:11', '2025-10-18 19:24:11', 1),
(194, 23, NULL, NULL, 'Akcje i obligacje', '2025-10-18 19:24:11', '2025-10-18 19:24:11', 1),
(195, 24, NULL, NULL, 'Od rodziny', '2025-10-18 19:24:11', '2025-10-18 19:24:11', 1),
(196, 24, NULL, NULL, 'Od przyjaciół', '2025-10-18 19:24:11', '2025-10-18 19:24:11', 1),
(197, 24, NULL, NULL, 'Od organizacji', '2025-10-18 19:24:11', '2025-10-18 19:24:11', 1),
(198, 25, NULL, NULL, 'Odzież', '2025-10-18 19:24:11', '2025-10-18 19:24:11', 1),
(199, 25, NULL, NULL, 'Elektronika', '2025-10-18 19:24:11', '2025-10-18 19:24:11', 1),
(200, 25, NULL, NULL, 'Meble', '2025-10-18 19:24:11', '2025-10-18 19:24:11', 1),
(201, 25, NULL, NULL, 'Książki i multimedia', '2025-10-18 19:24:11', '2025-10-18 19:24:11', 1),
(224, 1, NULL, 58, 'test dla zwyklego usera', '2025-10-26 14:54:50', '2025-10-26 14:54:50', 0),
(225, 1, NULL, 58, 'test dla usera2', '2025-10-26 14:55:16', '2025-10-26 14:55:16', 0),
(226, 2, NULL, 58, 'test dla usera 3', '2025-10-26 14:57:06', '2025-10-26 14:57:06', 0),
(227, 1, 20, 43, 'test dla rodziny', '2025-10-26 14:57:51', '2025-10-26 14:57:51', 0),
(228, 2, 20, 43, 'test dla rodziny', '2025-10-26 14:58:01', '2025-10-26 14:58:01', 0),
(229, 1, 20, 44, 'asdasd', '2025-10-26 15:16:36', '2025-10-26 15:16:36', 0),
(230, 1, 20, 43, 'asdasf13212', '2025-10-26 16:00:44', '2025-10-26 16:00:44', 0),
(231, 1, 31, 61, '1212d1', '2025-10-26 16:14:16', '2025-10-26 16:14:16', 0),
(232, 1, 37, 69, 'TESTJEDZENIANOWEJPODKATEGORII', '2025-11-22 19:55:06', '2025-11-22 19:55:06', 0),
(233, 1, NULL, 76, 'teststsst12321d1212d21d12d12d21', '2025-11-22 20:03:55', '2025-11-22 20:03:55', 0),
(234, 15, 50, 89, 'Mieszkanie', '2025-12-05 20:30:32', '2025-12-05 20:30:32', 0),
(263, 1, 50, 88, 'Napoje', '2025-12-25 14:36:12', '2025-12-25 14:36:12', 0);

-- --------------------------------------------------------

--
-- Struktura tabeli dla tabeli `transactions`
--

CREATE TABLE `transactions` (
  `id` int(11) NOT NULL,
  `family_id` int(11) DEFAULT NULL,
  `user_id` int(11) NOT NULL,
  `category_id` int(11) DEFAULT NULL,
  `local_category_id` int(11) DEFAULT NULL,
  `type` enum('expense','income') NOT NULL,
  `amount` decimal(30,12) NOT NULL,
  `currency` varchar(10) NOT NULL,
  `payment_method` enum('cash','card','crypto') NOT NULL,
  `description` varchar(255) DEFAULT NULL,
  `transaction_date` datetime NOT NULL,
  `is_recurring` tinyint(1) DEFAULT 0,
  `created_at` datetime DEFAULT current_timestamp(),
  `receipt_blob` longblob DEFAULT NULL
) ;

--
-- Dumping data for table `transactions`
--

INSERT INTO `transactions` (`id`, `family_id`, `user_id`, `category_id`, `local_category_id`, `type`, `amount`, `currency`, `payment_method`, `description`, `transaction_date`, `is_recurring`, `created_at`, `receipt_blob`) VALUES
(189, NULL, 86, 21, NULL, 'income', 6500.000000000000, 'PLN', 'cash', '', '2025-12-10 18:55:00', 0, '2025-12-04 18:55:48', NULL);
INSERT INTO `transactions` (`id`, `family_id`, `user_id`, `category_id`, `local_category_id`, `type`, `amount`, `currency`, `payment_method`, `description`, `transaction_date`, `is_recurring`, `created_at`, `receipt_blob`) VALUES
(190, NULL, 86, 1, NULL, 'expense', 155.000000000000, 'PLN', 'card', 'zakupy w biedronce', '2025-12-01 18:57:00', 0, '2025-12-04 18:57:40', 0xffd8ffe1006a4578696600004d4d002a000000080005011a0005000000010000004a011b00050000000100000052012800030000000100020000013b0002000000070000005a02130003000000010001000000000000000000480000000100000048000000015069636173610000ffdb0043000403030403030404030405040405060a07060606060d090a080a0f0d10100f0d0f0e11131814111217120e0f151c151719191b1b1b10141d1f1d1a1f181a1b1affdb0043010405050605060c07070c1a110f111a1a1a1a1a1a1a1a1a1a1a1a1a1a1a1a1a1a1a1a1a1a1a1a1a1a1a1a1a1a1a1a1a1a1a1a1a1a1a1a1a1a1a1a1a1a1a1a1a1affc0001108016600fa03012200021101031101ffc4001c0000010403010000000000000000000000010002060704050803ffc4004610000103030303020403050505060701000102030405061100122107133122411432516115237108164281b1526291a1b2172433347225748292c1d126435354a2e1f1f0ffc4001801000301010000000000000000000000000001020304ffc4002e110002020103030302070101010100000000010211211231f003415161c1d171e113228191a1b1f14232c2e2ffda000c03010002110311003f00ef1d2d0e73f5fbe90cfbe33f6d59438783f4d2ce01f7d2034bd8e9000690ce74923493efa6023a1eda778e4f8d347d88d0b21b8beba2a273fcb4b034323dbc680169f9fa6998d21c0ff2d143a1c781a68fb6803c91f43a23c68d84380d1c781a03e9a5fd3480478071a03df48fbf3a1a68070f274b18f1a00e9c78d201a78ff1d2f63a5a1e74d00e48e34b1a0907f5d1ff000f3a0039d0c704674b1cf1a5e33a40353efefa70d353c1e344671fcf4c070f1a77b69a9e34e1ce339e3480c62704eb5320fe7bbea03d67fa9d6d5c185280f63ad14a48f8a7f2bffe62bdbee751d4e97e22a37e9923c0e4fbe87be913a3e73ad0c0291efa247d340f034748003ef8d2fae97dfce963f969810cea6d69da3d0a9cd46a8caa4bd54ae536982544690b71297e4a10a03764277277277e094eec8e46b550aef5d8ca7e857755bf1b934fd925fa83850cb8d4295316cc20b1c775c1b762949091e8c9ca9402b73d45b3dfbca914e669f2d10e752eb106ad18ba925a75719f4b9da5e3909500464729241c1c60c5dfe995c4fdd4ed71eac52a5caa93109998ecaa7a5d5c14469cfc94a228524a482890a682960149421ce4fa7583d6a4eb9c633d24757933ed8a84aa4c07a154deb5a7d76961f75a5a5c11d45b5056d240214b655ee0870782081b3b73a88f4b814a8b50a455665685b74fabd44c6612a420c8dc808182373856d3876800048ce7db516a5f45ead1a8745a7c9ab4142e1d8f55b71d7594b8b097e5b919487109560942430ace54147d3f7226163d9d52b7eb6f552b1261bcebf6cd1694ea62efc77e22e5a9d58dc07a15f129dbefc1c81ee414fbbe67ec536bb1eb2fa9d42854ba5541d5bab6ea88539190d00a2a4a5d434559f18dce23fc46b756c5cd0eeba4a2a54d6df6db2e2da5b6fa36ad0e20e14923f5d53d37a115c9548a0d2c54e9af3143a64e8319c2ebcd2dc2e4b65e65d561240294b20293c8c9383838162f4aecd9962dac2955794ccc90663f214e32b5ad387140819500491a5d29755cbf32c504a93c18e9a8cfa7dd77138e57e5c9a05168ca7264675a654b4ca70975250e04829edb283e93907bc827c73b16efda4334e8b21e79f52554b8b5178ac277b51de3b50e2c0c03ea0ac84f8c1e3c03834eb62ae6cbb829b54115aacd604f5bd2999ab7838eba1486d5952014808d8909c1090900671ad4d3fa5cfc2769ce2cd3a6a936c5368527e2db0f259f85714b2e212a490e6eee1e0e39420fe8a3ad6dcdfec3744aa9753abaab578372a3bd362c2a946669acb31d2d10d2a2b0a5fe62880bfcc5b849f61c7246bc21f51a953e7bf0a2c7a9bcf461898a6a229c4475892b8db14539dcaee36b18483e94957819d62cbb3aa8fcfafc86aa090c546e2a7d4da67baa19618663216cab2081b94c29581e73e793ac1e945832ac97abd22736c45fc4e4b8e331a34aeea186cce98fa509f4240013247b7d47b64d5cf5d560cd2fcb90dc3d486fe0ed79f6c3e9729756ad446153d6cf7187a2385c0b28583849f479382320e31a92b978531a5242d4e9188ca71496f21a4c85943255ce46e50fa12010481a825d1d35aa5d353a7b3261d363dbb12af025bd4f44b5965f0d2e42dd58676ec48517519463d6412a3c7386cf49eb8e2a7b12a7a511e7a2891c3df125d763b74c96e3a85a89dbbd6f361ace3c2d4bce40195ae6bb03c5d78243d51ea2bd6552a9351a198d5140b8a2c1aab6da7bea6a2a8afe215841f429084a9793e361c8d63f4c3aa4abaecb8555ba19102a4fca7932186da291110b9efb1192e8c929514b4028f8dc09e011ad8de3d3d8959914314aa653988dfbc099d5a4263b4812d92c4842c3a31f99953a339c9393f7d432d5e9055291559f22b31e0d60542632ea1c9920abe0d2c54a6494ab6a71bd5b24a0a07f0a8615c241317d4536f9b22a973f524ffed3507a994ca11529aa3d4a8899318bb096971e90b93db6c85e784142564a48040293ef8d6f98ea1509f7dc6d990f2c30f25892e764ed8eb53eb61bdfce405b8da8038231827008d54526ceaedad56b16b575d4e9b4e8340a3d3a97225befad6d3f25994428ab03f2c38cee5a56ae02884ab5b4e8bd32e988dccadc78e97e1dc0f0ed392f2c08ecb5509aa2aed2b0b2971975b2d11e7702a000c971ea493d3f5fb0daee59936fda4d32accd26a42745a83eec669968c52bde5f53896f9412120965df988c0413e39d18bd42b76536d2d99c4b6aeca5d5f6ce23b8ebc59436e91f22cba148da7c10738d40a3d9d71d558b46a33a8cec0aeb774b157b81c952e338a71023c86f6a14d9c290def69284e01dbf53b89c0b33a7773d1eb15272b94df8d8f3ea0c3ac29751096a236cd525c8dce21b5a77a8b6eb6b4602bd476af01272d4fa95b77f6f90a545e641e7ec71a001f7d38f39c7d7407be73ae820078f6d1c7bfd34b3c71a5edf7d002074e469a38e3441e7f5d0078b836ad58f7d45672d026c9056ac8755edf73a973c9ca81f7d577559eca2a9352a52b297d60f1fde3aa52d2526d2c162781cf1cfb688e73a04641e7493e3c1d0c41c7df3a23efc691e39e3407dfcea441f7c687e9a3a03c1f7d3017e9e74bdce74bf5e3406391a005edf6d16c00b48fa9d2fb692080b493c01a4073f74e3abd589f49e9e4badcd72b2aa9da8b7a7b51d96d05ea839363478f951dbb793207d309513e066c71d4fa7fc6cc8ced32a6ca20a5854d7d7daedb1dd98fc5038592a21c8ea24247ca411cfa755c3dd06a9aedcb0a9fd8a1ca36c531869e8b25e716d4871b9919f2cef283f96a4b2af5149f5046524675226ba533554dade29f42a6c8aac5a624c3a638a662b4b8f51932578c201276be095e32e2f71c246b994ba9d979f7a1af8f625d4abf99aa3309d344acc16a63bb185c869b0923be96771505948c956e4a73b949c90382358d6fdf3f8dddf5c86da5e4d32334c468cdad28ee2a5226cd8efa82412ad9feee85051e368cfd46b48f5891687d35b669b5fa8314e45b95585515bd190b718ded4a2eed391b820e71b8fca704e40e62fd2fb42a4fcaaf5ef4fa746767cd9affe0b2aa256c2d7155589efad494949536d38cc94a919277fa490063549ced2653aa2e985591227fc04a85260495b6e3cd21f283dc690b4a4abd2a38e569e0f383ce351b9136e0ab5f354a651677e1b1e8f0a9b250875942d9985f75fef05f1bf86d9c27694e1472491c6b47d3ee9fd42dfb929b52a953a247762506453254c4540c9765b865216dad45490a39420a892720af6e0800eb775ab4273f70d4a75352c3e9abb34d65d54978a531be11f71c2a094e14a2a4ba7183e40cf19ccdcdc136858ca1944ead522bb4ca54f8d4caeb02b0db2ed3d8914f2db8fb6eaf62159276a7c29585281d892bf18d3dbeac5bab9ed43db530b754ca43869ee6c0a71c436124fd42dc4a4fd0e7e9ad6a3a773d8b2fa634b8eea5122d0934f9121af892aef066338cb880e10371fccdc0ab015b7db3c57cdf45ae666a2ecaed470a554604b1b2a64a004ca43eea405018082907c1ddb780338d54a538bc7f40a8b32e8ea39a75a97649814f9f06bf4ab7a455e3439b1d254e252973b6ac254a1cadbc141215e3239d496af73c4a1ca4b7538d3588a571da54f2c811d2e3ee06db464ab712565238040dc9c91aa8dce9bdc326897623f0b92cd4ead622696a539584bc24544f7caf0544edf5399de700eef1c6a4b7bda75fabd7df7a3c7a85423ae7d164c0723d5531da85d89215237a0a86e1b13920257bc2b1c11a9529eef997f60c573d0b45394a8e0ed3e3ce96493c9ce891ea511ee4ff5d346ba843bfae881a68d3878d210bf5d0fd3479d2381fe1a001fa71a439ce87db9ce9dce800688f3a1a234c04e0c8e3c8f7d5515a75b158a8028e44973dbfbc756c1194ea98af3ed0ae54c10bc896ee7d5fdf3ae7eab69234e9abc17211a20ff0096967e834318c9ceb7330e33e3473a6f8033e74e078f6d002fb697001d2d2c1f7e3400873a681f5d38e87d3400bee0e81c7b68f03489cfbe74c087dfb74c8b563d01e8c5843732b9121c95bc329430bde5c56723184a49c9e0633f6d79502f7f89a5bf2eaecba59156971132d86c16528150722b09ce72544041380719249fae3f566ca997fdbf4da34094f416555988ece758925873e0d2a3df4a549c1cad0548e083ebcfb60d790fa5f7952ad076d553ce5c1112e421126cba8a52e23b35a7a4171c4fbacc75304a81254a6f040f7c1ca6a4fc7d90df9e772d2a3f52287584d3570d731b6aa98305c76396d2f82e29bca72738ca73c8e4104641ce848ea1535358661b0b79d69b7bb53def86514c72a7dc8cd6e5646029f6969ce15c0cf03d5a8bbb4772d3e98d8ed5c754a7d1245bd2e9a643929d223ad69516cb65c4f09ddbce1441015b73c6a2b6bda75bb9287755618696f22b93a32e12c3fd8efb2c5726c82e237825282cba852491eb490479d43ea7513d3df9ee576b2ceac5e6eb5f82aa8b15e53336b71e12dd7a3e50eb0bee6e71b215e3d1c13ed838c11adfa2bb0dd7e948f88532aa8a5d54742dbc779284e4ab3ec31ea1f50755edc562d52e2a8c082aa53516db8957872dc8bf1a03654dbaead4eb494905293b924a4e09563090124ab7902855e5cfb39752cbadd3234f8b39f7d4d38eb99096d979441f996946e5048f2b20e34d4a74dd73027566ddbbe28cf32cb8c3b21d4c95b0988131964c90f67b6b6f8f52084a8957800127039d7bc3bb68f38b0624b53a877661ced2821054b53694ad44612a2b4293b4f3918f71aa769b447ec8b7fa66dddad45b7a550a5d2e9b266cfad24a6a2a44692cf6d85294a09495143a12a282b194e372520e1f4be257ee6b75155a2b4834bad56a04e664a2437d965989505fc4208072adc8686c5237257dc49f48ce92eacf555731f3fc06dcfa973dc95d9546ab5a3121b2dba8acd6950649583943621c97f727efb984ff002275b3a355e25c146a7d5a94e29d83508cdc98eb524a4a9b5a7724e0f8e0ebcab56f53ee0769aed49971c769737e3a12db7d6d169fed38d05652467d0eac60e47abc6b59d35a3caa074ead2a5d4db7da9d068f15892dc87038b438969214952812090723209d6c9b526993dc937df4801ce8fb1d0d68308f1f5d38680fd3453efa420f9d0c8ce8e38d3478d301ba7e9a073f4d3b400349273c691f1a434807fb1e3543dc483fbc156e0ffce3dedfdf56af83f6d50771a8fef0d5bd23fe75ef6fefab4b46a2fa72d2cbe7db431a23e9a238f7d32069f3a43dc691d0d301e3ce883919ce469a3df4ecf07c680199039f6d1073e0e96867239d20221d41b9675b28b65ca7b525c66757e3429aa8f0172d4db0b4b84929402520a908495e3d3bb50eab7561fa5d4588106a50ab4ec97698690943412e55d122638dc80de321418680528a3946c2a7309233655c32eb3062c6916dc14549d6e5b5f1517b896dc7639242c34a5a9280b194a805100849190483ae7f63a39732e621e9b6cd3d5539b2e953a35453350f26861aac499afb3bd443855db7b6ee6938714a293848c9e796bd692dac7d8bb2f2ba176e4ab55a646f4566becd356a480bc254d3cbfaf1cb4067db27517475699a84545568f1a58a6c7669321d69f61285486e7c85b09c2947d3dbdbdce3cf03df52597d2ab3262ca956e418cbfc51aaa972185455996d95943e54d1492a1dc5f24f3b8e73aa8ad8e8fdc71ed285489d0be15552834166599137e20d3d54e98b7dc0e2b79539bd2a01bd848cfa55b5290493fc5eddfe3e4a54dfa73d8b4ecfea2b5744ea547446ec2aab42159647752bedb7dd4b7b0e3cfcc920f8f3af1aaf505f8b7b7eec3119264bf229ad46754af9fbc992ebe7183f23311647b6481ac2b1ac39d41aed2a5cb6a3c58d47b65aa0b686dc2e77549752b2e20fff004f6a53e70ace4638c9d655ec4aa3bd605df31293f172a9e2910a0ba64a5bdd0d464b7340cf94a13252e949c6e5329c12401aa6e54bd5ff0019255d649bcfbfe81496dc5d6253b4d2960c9edc98ea4b85905437847cd81b4f919f1f5d6645ba6933e6531883516dd55411294c2420fe608ea4a1d19fe1285a8020fbe47b6a8cb9ecbbb6e0a3bb27f76aad2ee77ed8453668995048690fec9454eb4aef14a8f74b7e9da9052b41cfa4812cb4ac3adc1996b3f222b90cc16ee753fbde4e10b99392e33bb19395272a0467001cf38d447a9d47d87864f5fbcadc90d36caa489a994185b2d2222de0fa5d0e2995206d21495765642bc7a7c8e34fa75e96e4d908834ea930a71063b41b434a4868ba8529a41e00492941c24e3918f240d53f6658d5fa2c8e95a576c5463bf458b4ea7d5e6caaa77f6a59873d2e2528dc53b12f29a21c1f307900001381e74ab7aef9b46ab227db9538effef4d1a6c48f2df6d482966436eadc4ecf9520a72a2727ec71cd6b9aa1aa765eb4fadc2a9bef4688e3a2432d36f2da7e3ad95f6d7909584ac02412950cfd411ad43571cda85cb52a6d19105f6690f446a7a1c75497521e47714b07c0da82921241ddcf238cc5ba7cc54665f558ad55e995a86fc8b668ec3eed41252d7c4a5c94b75b673c9c1706ec003e5d692b76f5cc8be2ea628b4d9e115eacd265373d994111c434450c490e1c0c1486d43b677157710a4f83b494a4e09af3f224966cb022f51edb93852ea4dc769e96c4586a7db71bf8c53c82a68b41491bd2b29584a93b82b62b078d6c58bbe85262c1931ea4d3b167a9a4467c255db5a9c56d4277e3014a57a40241cf1e7548d956e579fbbfa7936a16cd669d168f4ba4d365ae5a5b21b90c41aa0749ce494254f349ee8e14a713b49e4eb777a22b4d5c4cd1e052abad5359b9a80ba7334ca624c031be212ec975c5a124276ad2e95951491f9640f512529ceb3e68155d177018f3fa688e3455c295fae911c7f2d74920f00e80f7c71a7139074d04f39d0021e4fdf44631ce9674078fbe90071907413e4e978279d21c71a607a27fcb3aa0ae3428dc356c03ff003af7fad5abf127903efaa86b54c79cacd4569070a94e11e91fda3ae7eac9c761a565b638e34ec679d0fa8d1d74210d3ee74df6d38e81f18d08058c6744f8fbe9a07f868e800e71c8d019d2fae97db4004e9aa5a5b6d4b5e025092a27e9807ff6d11f4f7ceb1aa0d29fa7cb65b4ef71c61c42539c64949006a5da4e86b72a9a075b9759b51bad3d46763bdfb9cab85c8fc2949712482d70a230785004e70a19c1e352b76f27917557e9eb8fd9a7d14d390b714de0beb96a29f4ad4a006cf4938ce738f38d51b43e925e702d1b9a973292967e2ba5d1a9b08c7292b151723ec92cab2be541c692a4e309017e7e974512d0793d4abceb35888e2e1c934b34f538bcb654c32e052d280ac6e4a97e48ce71f41ac3549d2e77f840de704f48da48fa1c6b46aaf3b22b92a994b8e243d03e1152d0e7e59536fa9437a144e3d094294460e7040c1d6d63b2cb4e4a71a8dd95baeee757b002f282400bfbf000c9fa6aa9afd9f5a1d40aa5629b4e764c8a94ab713167256d84c58d164b8b9692a38523f294ef1cefef2523f8b1aca4e97d464955d440d5dcddbf2696f4653b2e232cb8e2865687da96b0b29fe1ff009357a792010481e06c2a37d4286ddb2fc365c9d12e098c478efa7d0921d69d712a19c64fe5723db703ad5bf6b2eb3d45ac5427b7538f121354d914d7d9905b4adf437350b4a4670404be014918254339c6b5341b72ba9e9ff48a1bedbe6752cd3dcaa2270cbadf6e0ba085948385070a013fd7df24e755ebee0f6c7825106e5a9d524cc810e8e1a9f124456e4179d05a8e1d67baa0a293ea5a0612427c95a0f839d69a2f56e973198eec78cb505cf8501c682bf34bd2524a02127194838ca958e02cff0009d68926beddd332544a656e834db90535aa9ae2c3eeaa3ce0cbe643c8f98805b6a2b0a776ed07691950246b9eb36a117a831a6d0a915066445a8d2dba2bea6d422c6a32231f8869449c21656a92956f1dc25c6c8040042739e2bc955b96740ba83f2c53e6c6f83aa2e6262a5a2772038a8c64ec2af7525b0776323247b1d28d77b7326d292c4457e1f5573b5124970153aaec29edc94273e8484290a2a230afa8e75088348a84cbf2157e9f44994aa1355062a73597e30438a9aec0951df5a1182b38df112a230090a50ddea3ac0a55a756a047e9a528d3a6bf71db8f32d2ea6cb798ea84f255f1895afe4c7e5a4149f51525b527cf0e339357ea4d1760039c697b71c697e9e340f83ae82470f3a4a39c7e9a49f073a1a6022739d0034b47ce9000fbe88ff2d01c7073a59c673a005a39f3a43073a18c1d00393e41d41e7212674925b04f755ce3ee75384f247ea3502a82def8f95b4a71de5e3ff31d26a2ff00f45c24a3b93d1f5d2cf9fb6827eda20f0754881a7df4dce9fe3ce99ee7400e1e7487df4b3ed9fe7a23fc31a001a1f5fb68fd74beba0043255a18fa688f38f1a5e0e74003db4b3c1fae9018d10063c68001f1a034d592a3b4678f7d3c1ce74004007480e3493eda20690000fa71a583ff00be9c063df4d1a60793f2988a02e53ed30939c171c091c024f9fa004fe9a089f15d92a8ad4a61c929014594ba0ac0232094839f1cea1177e1dea374e595b0f3cda9fa9294531cb8da710c8f5ab184e7710338cf23df517e8353e0d628752abc98ae392573a9e5a5c98eb65d6d0d532376db2080708538e909e402b57be7596a7af4d0ea959731213cad494273e49c6a330af7a74eb363dccdf7045934b554da8f91de7190d95fa53ee76e3fc46b537c4f5d32ecb064be1d14bfc4a53729c430b712952a1ba1b0adbf2ee5652090412427ca8679fa875514fe92c786d313204c2b832a333f08e2d7f01f8003bd20a786d21b7d04fb14941f528039753ab28da5cd8a49639e4eb78b2da9719b7e3ab736eb68713f5c2864647b7075ae9d72d329a252e7cb430cc477b325c215f96e76c3bb48c7ff004c8567c7b6a2966d5d8b76dc9bfbcf5343ab80c44912aa6fb3d92fb4eb290dad61290949052a46d0380949206798e5db4ba9555bbee9306338aaabb5913a1358da5d63f0d69b0ea49f9d21d0a49da41c8c707197d4ea34bf2930575659316eca64d931a130fa0d424b687598c4e165b5a14b4a8f1c02942bcfb8c6bd60dcd4ba931124c096dc98b3148432f20e4296b46f4a71e4129e79c7b6aaca7baa957e5bb71259068d02236ccea90da5b4be98afa14d9fe24292a5849e31956df391a8741a4579de9fa28b2a9d29cb9599f12a1f8776d2cbef47452908dc32af1dc496c927d2af4e338d27d569d2c9495ab3a0ddb8e3372d98296dc72a0fad296e3a54904a5485ac2c92701386d7f5e46b5eedf101888ccc7e25463c57de0d32a7e39656e8f87320ad2dab0a21284a82b201050ae38cea9faa4aa5b5d40b26e595564d0686ea9ba7bafa5f2db0cbcd53661ec2dd5008460bf8c1c656de3e64edd4ead4b898bea043935b750e862d3624d4a016bf30aa6209dca239492db0bc25382438738e347e2395d3049131173b43f0f0b8921b72a65229ed29484aa465a53aa1827d252849242b1f404eb654ca8c6ac53e2cfa7b81e8b25b0e34bc6320fd47b1f623d8ea86abdd5459b5ba45168374a2896ac64c25c5aeb6ea56ba7bca873165a4bf202d2952996d9c8732421646029408b47a42fb32fa5d6848891d319876911d68421953495029cef0857a8057cdcf3eae73abe9cdc9b42744d52394fd73aac2a73928a94c4ed3c3eb1f31fed1d5a08f23f51ae7cafd5cb75eaa2327d32dd1e3fbe744e2e5b0a31d6740a7ce867f5d1ce391e7435b881e7f5ce863eba20674bdcfdb480006739e74f48c903ea74d1fa69cde0b89fd740141c4fda59f72cb55f33ec1aa46b31a925895536aa0cbaa8e1328c7716a63873082371c0231efe4ea4572f5b1fa75cd74d0ed2b2eaf773b69c569facbd124b0c2582e365d42121d502e28b6338403f4f38cf3974aed5ea0f55bf6658d62d2a9b42816a55eab21a915b72a8e194db09a82dd7562284609dc92848ee73819001cea734aaeddb07a8bfb494ab3edd8153ec3b0cade9f515b085a9b8494f6d294a0ee576f7ac9dc9e768f7c8e2539a865f6bede9fc16d252af52c8575fd9a9d6adda658569d56ee7ebf6dfef0c511e5478c511f7ecdae7796909216509273e55c671ac957ed0d6e0b49aacb14cac3b517abcab6d344ec244a4d58214af85512ad893c7cc558c1075ccfd1babdc948beba4cfd9d4566e19a9e92abbb1e64f30d3d91396490e042f90528001490770f1e46b69551ad3fd3fe985e10a147a9d62f9eb048b9a35312f165a6dc3bd90c29de71ea689ddb4e02b91c1ce9294d73d6884ed37cdaceb08fd78a34462f417952aa76ad46ce80d4fa9429859756b61c6f7214cadb5a90b2540a300fcd81efacbb7bac0c542e8a05b9725b958b4aa970c27a5d25352530a4ca0d00a5a125a5ab0b0da92b29560804e40c73c85d6eb82e39927aea2f2b7e2d067bd66d10b90e354133109db3db4a15ddd8927fe228e000063073c1d75adc777d0605dd6a5bf705baf7ef44ca7cb55b55476232ea12e22195c94b2eef2eb276009564277640c919c372718eb6f0beff0005256f4ae6c60533f684a2542353eaeba0d7a35a555aa7e174fb814db4b8cf3fde5329514257dd4214b4e02d48009235b4a575cad9ab49ea14365aa826758a97dca947532373cd35dccadae70412d2800707c7b1ceb9bd7ba9ff00b0cf4e12b494efaad3167b6acf06a2a583f4fa7078c9fb6b5ea9726915fea8d560a36479f72df1499ab697979d50a4b32594eec648062be40f092a00673932fa938de76bfe957f611fcd54bc7f37f076c5ab7044bb6d9a357e98979b855780c4e8e87d212e25b7501690a00901582323275a2bd7a994db22af41a44ba6d62af55af2651a7c5a6450ea9c31d2952c1254909e159049038d627435415d14e9cac01eab629a7e5c798e8f6d575d70ad55a8bd73e893d6e519dafcfdb5d2880d494465481f0c80a48716420601df85100940f7c6b5ea49c52a12c973db17239720945fa0d6a8263b810055196dbef64abd48d8b5646003ce3e61f7c60d0ba8940af58cabce3cb5c4a021b92e3cfca4141692c38b6dd2a4f38c29b571f6d6eade9b36a34c892aaf49768731dc9760befb6f2d9c288195b64a492003c13e7542fecf56fc3ea1fecb2ddbf575cc62156bf1a86fa9b70775b43935f1e956082403ee08c8f71a2e574bc3f6a055dfcfc9615abd6db7aeaae526970e05c34dfc69b71ca4cba952dc891e7a1080b2a694bc1565042864024738d7b7fb69b615d3866fd52e7fe092257c1c66cb1fef0fbc6498e94a1bcf254b191cfcbc9c6abbe9ccb14ab82d7e9a75ce9f19ebaedc5adeb3ab8504315661b41405b646021f4364256d2b2780ae7856a95e855d22eb73a2963cea7555ba7d3ae0ad5624ce7982dc5953995c9763b6cb98c2f6ef5a949f2081f4d66a72524af7fb7dc3d79dceb5ae7576dfa0d6ea54aed55ea8f52a3baf551da653dc90cd3c2182f043cb4f095a903d29f72478d7bd0fab16cdc95ea3d1a8550726c9ac503f1f84e213f96b87bd2804e4e42b2af948e30738231ae7ea5de95eb7ba97fb46229568d66e28ee48648914e7a3a045713031eb4bce21582369ca42be5380780631fb2e3ce1ea474c5a5056d4f485e56318c66aabe4fdbd231abe94a53cfd3f94dfb2074b9ea91d617c7536dbe9c0a31bc6a2aa7a6b13d30622fb6a527ba413ea2384a40f24eb4f79f5b6d3b164dcb16befce0edb74f8d52a88622a9c0865f77b4829c1f51ddc91ec39d573fb525299afd4ba5b46991513a3d4ae19118b2ea416dc5aa1ba1b073e3d7b4e7db19f6d57163d29deb3542ed84a96b4cfb93a4347604892e1de64ad2e2773aa09f57e6a7d4ac723c0e752fa93d4d2f3ff00cd82abae6f4757562fba3d0aeeb56d8a83cffe2d74895f860432548508ed075c2a5f84fa48c7d4ea44144a4f276eb9a7a3332b3d4fea5c0b9aaf14438fd3fa0396bcfdd237a9cae28b5f14129c6362128c15e46e2a4ed2a00e3a5bdb5b45ea564af516372549500527c82320ff002d104e4a860138c9fae90e74b57818d5b0dbcd2da75b6d6da8e548520104e739c7ebcebd3ce49e49d1f3e3c681e06a44107d433fda1ae68b8db41b86ac4a80266bdedfdf56ba587cc3f51ae76ae452badd49446774a74fff0099d6bd3ad540e5a363a1f43f8b034ef19d5595ceaacba0d42e9764404ca8344ada69488ed6038feea635337ef278214b29231809e4f8d632928ab634acb473a00f1ef8d5395fea8d6a0daf5b7690634dafd26052ea4b6fe089696d4e75c421a002c92a476d4ac83cfa78e75b4b9fa9151a2395b7a1474cb8b45a8a69129b1114e2cbab8289299394abd2805d6d252478dc73e352fa8a3b8e8b401f38d39b212a055edaaadfea95519bcedaa047a33330d54d3cca4b6e6d723b6fc698eb8ee49da528545471e4852b1938d79d2bab932a36e439e29acfc6c9b42657c323704775952521bce7c12bfd74bf1236d7d7f8049bc197d02e9cd53a55d2ca55ad7148812aa311f96ebce53d4a2c7e6c85b89092a4a55c050f23cfd7ceb12d4e98d628372f576a72e4d31e62f294dbf4d0853856d84c52d61fca4003763013bb8cfe82696a5c4fdc489aa7a2b71c4431d95290e6edcf2a3a1d7063d824ba94f9f20fd3523da48ce0e3eb8d3708c953f0d73f615e53fd4e7ce8ef432e5e9f5ef67d66b93690fc3a274fc5b72130e43ab52e57c697b7a12a4246cd98f5120e78db8c1d6ae9bfb3e5d70116bc113e8bf85db5d4b9370d3d01f74a9aa43854b4b392df2f6f5af20f1c8f51d5b5d46bda75a722df8948662b926acf4c495ca6dc5a1096213d24fc8410545a09cf38dd9c1c60e99eeb220c49956894c70d222c88515d438dac480b910932f7607184a5e6014f9f9f9e003129c3536f75ef91ac2af3ed821bd50fd9fab7d47b8fa8ee9a8d369d4cb9ad6834c82f82b53ed498f23bd8713b71db51182412718c0e359b0ba67d40bbefbe9fd7fa96fdbf4d66cba6ce641a3c8764b93e44a8e23a9442db406921237ff173e9c11c8b1eab7b2e3d36cf5444c58d32e992dc68cb99b832cb8a8ae48c10304921a294a720927ed8d69e7752aa74f7a7a64d223a114997169b5128716b1f14fc44bd96d6768eda14eb2924f24289e08009250a6a5cdfe469d3be730548d7423a932ba6d69f4baa73ad68f6cd12acdbafd66338f2a53f11874bad011d48da97144a777ac8183e7dfd2e1fd9cae4b82c7ea54145462d3ebb51be675c96ebac48e0b4f3419532f2b67a43ad29d4293c805409c8041b77a65d5ea2f549ea837404bc9553e9b4d99290eb2a416d72d0e2fb793e4a423071e0e464e9cbea518d735c9064424bd028b35100a98dc5fefaa037313907d242c2cb636f3bb60e777069e9b8b6f6e7c21ac6173966eba656dcab3fa71695bd522daa65228d1213e5b737a77b6d049c2b032323ce06b4d745ad57a97577a7570438b1245168d16acdcf71e7825c8ce3cdb61a71a4e32a51dab41e71b5649e40d6d2cbbcddb95e7634e88dc49429706ac8420ab298f2fbc1b4292ae42d258583ec783c72036a37bb915774ae1426a4c7b642d33b73f870a8434c94a9290092921684fd492481e9e74938bcb21782628f4a8138e3e9aa63a57d36baad2e8248b31da83545b9bfed54459ad2bb88654f49796d3a9da729185a5580729cfd753d37c454fc734a8d244a8cf263a196dbef2dd77e1d0fb894a13eaf4256339c1cf03248074f37aa91a33354910e222a28667fe1f01b69e521c9720c013108c290002a04246338cf3ee0449c1bcbf4fdff00c1d62caee35b1d54beaeee97bf7c512956e42b424393ea539baa898a9ef864b294b6800293b828a8ee38009e491831fa6746af6a27ecd968d269f4edbd42b4ee435b830933180167f10749477b76c0954779448cfbed23db5d1545b9a3d7aa155629cdadc8b03e1c09583b1d53ad07709fd10b6cff00e31a61b99a17926da119c2f1a59a897f70da121e0d0463ce4924e7eda1463e777fcf1055ae73b959da760dcf4aba3ae73a7c1418b73c96dca229721a5fc4810d4d9c8cfa46eda9c2f1efedc9ad2c6e9ef533a6d7574e6b11ac67ee08f4ae9da6835165157851d71a61925d5246e7085001291b92482159e08235d15745e0ed06b344a440a60a8cdabb731c68b8f965b488eda5641212a3956e0071f53edad748eaad15aa4b9528adbafc7fdd35dcedad5f968545090a0924f29241f71c73f4d0b4c709ed4bf64fd9b1b5797ebfd910ea05b977df770f4c2a2d5b0f531bb7aee4cc9e972a1197b6288e417810be46e594ed0377a49c0041d463a09d1abafa5bd5ebd555442a459629d1e1dbd354fa144c74bea750c6cdc569ed87148ca873b73e08d5cb72ddb50b6add6eaeed261c8df321464b29a8a93ff32eb6ca0ee2d7b38ea723fb209ce78d4a9a0e1423be9421d2077128515242bdc0240247f21a718252bb77f6af616e551d0ab3ee0b44f531575c0100d66fda95529f875b5f7a1b81b0dbbe82719da785615c72356d0f3fa6b4f6bdc0cdd3454d522c77e2b4a93258087d3b55f92fb8c9563e8a2dee1f6235e51ae513aab2e152e13b39a872950a4c96dd46d62406839b569f980c2923201e5438c73aa8e98c52424aacdfe307487bfdb511a4dff1a6db8bac5422ae013324c4446428c9716b61e532e101b493b42d0a24804048dc7033810fa8f499b597e03615da6eb068a993b814ae67c32646cc79c142b8573923db8257e2436b1e964c33818034d1e0fbe803919f63e3475a08727e61fa8d513558e855526a881932164fabfbc757b01c823c647f5d50b525ff00da333d3ffcf5ff00a8eaa18989ab45edfc27ceb9fba89d2bafd61dea0cfa0d19c7ea758aa3ff0008b135a477e2bb404c32a1b940230f0c0246f0727942883d038cfdb4860fd33a87053592e387673dbfd24acd3e8f74c6b72df441767dbb6bc469b8d218643afc37de2fa1242860a1b5206e3807809271ada5f9685e6eb978c0b5a048911ee0ae26aaa94c4d69a42a3a296db262ac2941454e3d1928c63614ba0950c2b5778001f6ff000d1207d350fa2a4091c9741e84750a9d5b699ad4a7ebcc2e9b0d6dd466496ca634c14d9c871b210a4aca53316da810390f6093851d4ca8b605db1edda1fc7519e4d599e98542972807d9213527951d7d8002b195290b20fc800033ae82e3f4d11e3f96a7f0629bf5ff0002e8ae3a3d684cb0a9d54a01a7394fa3a5d62653905f4b8868bcc23e2184f25436c843ab39c8fce1827c0973b6a521fb923dc4e4675558619532d3df14e84250410476b76c271ee539d6e53fa687db5aa8a2161153f596df5576a7631a85bd32e6b7a2d4672ead0a2b01e2b6dca7486501492a1c15398cfb123c79d558e74b6eff00dc722bb47aad52e7fc729325d7da928ef85b5426633aff0070ac85e1616951fe25647380ad755819078ce347031e07f86b37d34db77b8de4ad1b1125f4be974eb8ad6b86a91d98505a931150f129b5a1b494b800583bd0e21277364a92ac281e33aaa2a7d3fbb2a56fdc950aa512a922e2995da5491b5d01d5a114a8ed38af4abb64857710a2014ef0a23c03aea0c0fa0ff0d2c7db4e5d3d6edb1f6ae782abe965a936dcb9aacf4989508f1e5dad430552dd5380cb0f541c90d824f94a9e49207037800018d686e0b56bf5db8afb814aa5cb654f5c4c55599ae8ec32fb4d519843486dd390a2a948d8ac0f4a438720edcde58d1c0faff3fa0d0e09c74f60ef6cacfa5f02a29a9c9a8cea54fa5c7fdd8a253009c909715263994a7920677109efa06ff95473b4903271faa91e4bc8a826dda555dca9caa5ca8935d8d116b664c45447ca4129042dc43bb0207fc4ca8a53e95ab52cb4af4174d42e18bf85caa67e1129a650652921721b71843a97760e5b042b012af571c80781e912e89751b8aab4ca5539b911a932d10664854a085b4f2a2a640576f1ea6f0eb49c83bb2a3818493a99454a3a5bdc23f9762a9a0d16a962d5e871c42b82a346a2ce9aea5d305e96fad89503ba80a73e674a5e43ad12aca81ed03b429275afe99d955bb5645b4fd762d767b8cdc8cb0e467d9716dc70684cb3f167048f42da520b9b948dcf383956d22d2a95fb50a5c6ab3afd1d87ff000eaa42a7296ccc51438b92b69036fa339429e6f70c6304e0e411a9bb3dd521b0f04a5dda37a50a2a483ee0138c8ce7d86a23d38b96a4f9c43b55440fa35485d12c36a23f065d3dcfc52a6aed4c4143bdbf8e7c34483ceded06f67f736638c687c1483d6d54df8493f089b4c3424f615d9de6693b3b9e37e003b7ce39d6dba757f53ba996b337150db7db86fc890c212f0215969e5b64e0f3ceccf3f5d62dd3d41168c79b2eab4996880c192865e53a94992e351952308473e8525b7121471ca3c6083abb8c6317785f0196df3b9a0ea3d02a170750ec4891a5d569d4c542ad226caa70285a0ad8690805dda7b67d4a524f0772063c6a2bd4cb64b13ef08f42a6cd4c68fd279d4e8498f114ea3e65843493cee70048c239273fe378429139c765a2a30510d2da92195372bba1e494e49c6d49490723047dc1d449dea7c662b15088d53264a870a73b4d2fb2e23b8ece6e2fc51650c28852b2df0923254ae31b7d5a2518e5f9f8a0cb5446ae034bb83a67d9b3ea73eb8cb573d110f3b216fbee21c6aa50cba821437276841dc9c0093bb20738b7c7fc4ffc7ffaea21604da734c552834ea57e012691314a9500480f84ae49327b81609cef53ab241c10a0ae36ed265c01c64838fae35a46eb24d2207d1969f6fa7cc266970baaaad59c3dd6d6856d55464293c2c03f291c91cf91c6b0254fa7523abb09ab74cf356ac3fd8aec04465f616d223296dce2a202525252d35dc493bf706c82529d934aed7cd14b094c09b50538875d5761194b6db6015952cfa41e404a490547c700918b48bb7f1e909348a7c9934b2f967e3d2fb45b1f9297039b7764a0ee09c8c9dded8e7538c2f03ecca828eeae8b16d1aa4d72447a734bbb1b716a8ab214f3b314b69276a78ca50e14f195606092467d3a0b68cc9109f95733f319768d5b69e669cb42425323f0684c95385492bdc82b7b80ac6e5671e91ab8eb37443a2cb8b0df321f9d31990fb11d800ad6db090a70f240e37a079f2b4fdc8c0877dc39f51851d30ea0dc59cf263c49cf3210cbcf18fdfd8904ee23b60e16014952549ce4730a118cedb1a4e8940fa7d3447275a2af5d70ade762477db912e6cc43ce4689191b9c750ca37b846481c023c9e4a801c9d6c29155895da4c1aad29d12204f8cdca8ae804071a712149560f23208e0eb64d3742a66c11e463ea35494da63ae4c90b09cee7547fcceaeb41f50f6e46a1c292e2fd5c73ceaa32d2c86ad5592f1c8d0e79ff2d3bf84eabc8f7f54255cb72a445a6c5b5ed89ea8357952a529990c04c26e5197823616807528da7071b97bb8da65c92dca2c0f7ce9c4f075814bac41ac32a7a992512108202b00829ca4293c100e0a48503e08208e35e32ae3a4c07272675463c7f8064bd2d4e2f6a184041592b57ca92100ab04e768ce31cead4925765a3679e74ed6052eb302b0d3ae52e5b32d0d14a565b57ca5480b4e41faa54950fa85023cea1ebea2badddbf87aa9e8147fc6d340f882b507fe34c6f88dfb36ed2ced2946739dd93e359ca715fa93e593ff006e34b9c687cdfcf487b8d508493c7eba193eda77819d37ce740041ce73a43ce883c7ff00ad11f6c6801a3ebeda44fd3db47819fa6867e9a0087da515f6af0ea03cfa16969faa442c9521437014f8e090a20023208e09c1079ce40c4b8ae1a7db773b4fc666726729257554314d75d43d0db61d73baa52524128d9b52412a2a506f04a9389e64e3049d20543dc81f4cea1c5d5208e0aa6b6b893ba6ac8a54e5551c76e1a4c890f961485296ed563b8aca76248001c024701233e0ead37596df4bcd3eda5d69c0a42d0b190a49c8208fa609d7a6e57f68ff008e9a38fb69a8d0ecc7834e874d6d68a7448f0db594a94965b080a29425b4e71f4421091f6481edaabaaf5ea15d953b8957127f12856a3b323a2da436879e9ce7c290e3aa68fa97969d79086c7a4852947728808b6c0e74edcac11b8e94a2e5b0274571695cd00d4af2989abb68b5614a831a0baf292dc36946335b90cb878524a9c6c71c6f253e73aacab5788a17526ad5daacd79e7e835aa8c89340430da0314b6e91913ca71bb729d43684c952b1b5f537c0c817f5cd6dd32f0a2bf47b8e399b4e90b696eb3dc5202fb6e25c4825241c6e42723c119072091ada95a883cf07db532839567604e88858b06125bab5558ad44b82a355981d9f2a2388532da928096d86c24f094200033952b2547ce07ab5469a2fd7aa8ba451c41f842d3751135d330921194164a3604929f2179c247d752ace79fa9c9e31ce90f7d569c20bab2137e5db16953a996d3f548d44915e8d2dc13e43884a586180d874a42c805c3de484e781ca8838da6374a9f44a05cb6dd02cb12223aaad394eaa44756b52dd61aa6aca64290491b0f66361ec00770f75f36abed36fa76bada1d490461680783e473fa6b0ea1518545852aab525a23c684c29c79fedee28693c918482a3e3c0f3c71a4e0ef5594b6a2aceb2bdf8949a0c28d534d1e34a8158dd566196de5971b6903e092a50380efad4a4230e284721252412332c4a943bda45bea84a8945a5da8cb4db7426db0d3edcef8348285209dcd34cb323686f192a512701237655bd705b76fb6bb7a970eb555a9b73a7d464c37a325d94cbea5265bab5024247fce37b36ff006d291c83a9abb22914ea7b970545a8f4b690c192fca94c2595b28290545c24652718073f4c6a22936e57f507e082f505730f51eca8f026aa0a5ca3d794b580820e1a8e1390b18c05282bff0008cf190649d2865c8fd2ab1597c361d6edda7a561b712e202847403b549252a1f420907d8eb1a5751ed969cdb514484545a5c860c2769ea5494210da1c755b304f6fb6a6d6483820a472af4ea5b4c7213f4d84e51d4c2a9cb8edaa22a381da2c94828d98e36edc631c634e3a5cdc9307695332527faeb15950ed23c7ca359891ea1fa8d6a224b0a88c12a0496d24f8fa6ae4ac94acdb7ffec6a83ebe7c73712bf3edca0d5233f168f3d15da9a1286989b4b14d92b4a77e4971697d4d2509c05a14578c214b2abf0f04eabf9976c0b85ea850aa94a8ced3675524dba113b2b4cb9098c5e292d84905a5252e039c7c87ce74a6b52a05b1896efc7c2baafeb966532aa9a7cc769b161b3f0ea5beef69b2871c433ecdee77e6f7085abc004d4dd5e895f66817f4791429884c3abd56e013ca15f0c602688eb68712f676873baa4a037f3642891b7d5ab8e8bd518d3d9a326a10170e55563d52436db6e87128441712dac93c7cc5492063201c1e41d67556e6a2d43a573ae7ae4132edd936e2ea53213ed0529d8aa8fdc5b4a41e09282410759b506b0f6cfb845628d0daf267d3abd7bd7a7d1eac9a5299a5468a110d6b7a4badb6a4bcb6d903794a4ba81bf183b144640c98e396cd4d77ba6a6ba3d554b3d4d4c8ee254e868444d20b424141ca7b7bb28dc00f591ce41d59d49bbe1ca9f58a5ccec53ea1465b0dca6fbbf949eeb5dc6c256a0904edce4638c7d34da85e228f538916a74d96cb13ea469b05d4fad521d1197237048f0821a5a01272543c0041d5ba7252be582551a64993e3f96bc485775454e9482406d23c7f3fa9d61516b8d567f116d2df6a553659872dbddb821deda1cc0560646c710738f248d62cdbbe890999aecc9ec263c290ec692ace763cdb25f5208fa86c157f2d69a955d82593768564a92b1ca719fbe9c3df1a8f4bbb6974d2fb721d65b7a3acfc4b21dcb891d953c0a538cad45b4e768f60af38e640cafbacb6bda51bd015b48208c8ce3079d3b4141c783eda70f07db401e39d13f7f6d0200e41c71a3e339e74bdb4df00fbe4f3a0043efa2484825470069039d21c69808f8fbe9019d2c68a7c9d201dc60e81fe7a70f1ff00be9a7df4210bc6870073a5c68019d318523d8fd7489c6744fd3c6980fd39d1602d696ecba21d956c55ee1ab6f30e9915725d08294a94123c02a20024e064900679235bb1e0ff009ebca44666647763cc65b911dd41438d3a80a4ad27c8293c11f6d276d34869f928baa47a2db4dd4ef5bb2b91635ed518352aac27e0ce5222464b5123217190ac80f610c30a3b812a295ad294a7d225b7bdd6c9e89d6eab5982a992deb55750954b61c5a5d505b20ab090438948512370c63079046a64ec2b7fbd1285221d34b8e2173a3425466f1868a12a7529c6014971033fde1ac0a9d068d4bba24dfd599af30e42a1394e77b853f0edc6eef79c591b771512948f2460600c939c343a6bc949f72a5b46ab39152bead16ae28156ba2ab514b09b85d71294baca29914bcf06124b656c879003682376f42958f5ab579db74562dbb7a934586e3afc6a641661b2e3c415ad0da0212a510002484827000d465732c38e1886e43a4b4a82f38db71554c4a5511650da9d3b367e58d8f3456ae06d5824e353740edfa40090060003c6aa114b3764cac727e603ee350482eacc28c46de5a4ff004d4f13c287ea355f53db57c045f3ff00051edf6d74f4e2a6e99949b4b04f95efe71aab3a696786ebf7555eaf1aa0d496ef1a8ca8287dc525a21c69a6bbc846064140524139c6e5e3cead4e0e7918d416a7d4e874e835aaa1a5ce9547a33f262cb98d2dbf43ac00540a14a076951280467949c80304e12718bcf3634a7582aca6d3ea34ba25a755aa516b2e32c532e966408f10a9c43f265256ca54d637e5c085ed206324648dc352db968954a67ecbf51a2350a4a6b11ec4307e1193dc783c218416d253bb72b771919e75bbb9fad16c59d58aac0b89f7e01a6c792f2e438006ddec466a42db41ce54bedbc084f93b4e35b3a375169558930d8659991d736a0ba7472ea5202df445f89527839184058cfb942bdb04e308429c6ef145a75457b2ec2a9556eaea031169546a9c7156a43d145db05ea8465a1b85b5c5b454acf746e29dfce0956739d499fa8d36e6bb264b9ec542548b3663e6934744671a2ec9447215201384ba4a1d521be760dca3cab1b24b715eb0edca942a6ca6244997329f367b496ca40ed45ed777927e6c3c9c0f0707246b5a3aad482653ac22449a7314362bc89ad2816dd82f6fedad293850512d9f49038e73c11ad1a49ee2ed935161d4205bcbbe5dff007a816aa6b68931275494e277bd29b6d6f049706eed879c032780a52d39013810eea25957754edcba2151a13ff1d36e3a9ce6032a4157c2aa92eb0dac1240c975480139cf3f63ab6ab10e81d4166bb6b57e22aa3121488bf191dc5a9095ac6c92df292094e42491e0e08208c83263e49fa9c9d0fa6a71abe710b052157892977bdc6a76321744af54e9f37ba55b52b874f8e971f52f20e13de0cb452795052b82127576c77d32586a42029297909700524a4804679079079f1af40b3c9dc7fc744f3e4ead469b103f96979d2f1a7271cea8004791a6f93a72bdf43db4c003db44690d24fbe8402f6d2f0723471a19e3eda003bb43ce743c67440c83a48043453ef9d01a49fbe98009cab47e9a193b8ff8e8e78e7400bc93a078071a238d21a40553d6e6abb4ca0d5ee7a0263ca6e996ad5a3aa2b8e3885a9d7551d6dad01293bb0185020907d4307cea53d55a99a374f2ea9a9752c3b1e9ae38dba657c386978f4385cfe00957a8abe893adecc729d39f5516a023ca725455baa84f36161d64282544a4f05395241fd46b4359a252a997155af5b8ea7d9a7a68029d2e3c9081110c25d5bae3abc8ca890a09c138001c0ca8eb171552a7b949ec555579328da1d5da4d52e2a78b9a3ca75d913cb0a4b136331061beeb25a2b3d94965c0cac21448dc5c1c9205f14aa8a2b14b8551652a437323b72109579485a42803fe3a89487ba7c2146a54b8f44115b94a4a203b0d23b0f0427715b5b72de10ea372960001d464e16333851e4e7cfbe9f4d69133d13c903efa845311ba9b0d44a7258413ff009753647cc3f5d45e961b14c8602463b08f6feeeba3a7f96473f55d4493107e9aa2bad0d21ba4dd54cb4a8f52a8d46e0872d358871587148219885699200053bd452d320a7973704e14a47a6f51e0eaa6baff00688b62d5aed7a8ff00865cf5d72dd612f566551e92b951e9e143761d58230a09f511ec327f8558e6eb28ca34dd1d28acefdb6d9bdba8d71bf5282eaa88cc3a9d421b820e3e29d8d16918395a4850de95b67824e1c40c615acde9e535f333a732931ea8db4cdf33ca9b7d4b5250855124a038a04719501c93f338bc7cd8171d13aaf6e5c97942b5a872a44c993adb6ae48b252de23bb05c77b682144eedc4907052383e7391ad0c4fda0ecf9b53a753c3b39976a373cbb65853cda52954b8e3d673bbe424a529f725438d66a108caeffdbfbd0aef3cd875f942370f512d1a7b8b9f163c8a057997a54352525085fc1a4a3714ab6a959241f2366a29d47a52e046ea2506d7a5a8458bd348ac42891dbdc0210e4d486900a4e484240039fd3c6a7b58eb2da36fd5eeca5d6ea2e425dab4c62a556796d12d34d3c484241192a5f03d2073bd38c9d78dadd6db5aeaba19b6619ab536af2a109f059aa52de87f1b1f9cb8c97123700064f83cf19c1c692d13c5e73ee81a174f67b159bc3a8153a629c914b913a0a234a0d80d3db6137bbb6af2bc15004fb2b29f208d585a702a511b8e4f035524bfda42c4873aaec3ee56cc4a355154ba954d14492a8112425c4a16976484f6d012569c9247041f719b4d430d892f05b58ff11a59c6a3748bf2835cb9aa96ed22689553a7428b39d084e5b5b12028b6b42fc281dbedf51f5d78dcbd45b6eceb86daa15c952440a8dcefb91e9695a4ed75d46df4157849256909cf92401ceab52ab0257a78fbfbea3946bd689705c9725bf49985fab5b6b8edd519ecad21953c82b6f0a230aca41f04e3df522073a69ea56801a1e347c9cf8d0d002c60f3a2071a1f6d2c7f2d300e86927183f5d109d20063453a44f9c6927927ec34c018d224689e4927407d348018fa690e463471edac3aad560d0a992ea75a96c53e9f0da2ec89321c086da40f2493e068033071a03c6a3149ea459d7053ea93e8574d12a50e9485393de8d3db753190904952f693b538079f1c1d62d2bab761572a0d53a8d7adbb3aa0f381a6a33153696e29649012120e72483c6a7547c8e991eeaf3555a4b12eeb86a846974bb7674796975e5b6ea14e3f19c0e236209500865cf4ee192523dc91bdeb24d8b4ee9adcb267b8596911c6c77bab6836e97101b59523d4025c29271ec0ea5951a6c3ac53e4c0ab456674192d969f8efa02d0e24f90a07c8d42ee8b82d5b7eeb926f9bd29502354e928868a0d4a432d34e8ee385c74859cb85616118f0024f9ceb29452bceff72a2ddaf4205516df8368754d152add25fbb234d767d4e418e52c4b8ac4584e38c864a94a65b547ecb4ac2d64156fc9c802f2a7ce6ea7062ce64290d4a650fa02c00405a42803f7e7510add2fa7542a4d2d172356d53696e4b2b80a98b69a69c7d692a252a51014549492793b80e73a98c29d16a90d89d4d96c4e8721216d488ee871b713f54a939047e9aa82ab5626f065a3191e3db504a3a9469300ee57fcbb7fe91a9d23e618fa8d4628314ae874d50f0a88d1f1fdc1ad93d2ce7ea5d6091e78e35cc973535fe87f52eefb86e843d5be92751d4966baea5b529da2ca523b492e6cf5161c0a280b4fca4a5270424b9d3479079f1ae71bd97d5f823ab36fb768ccbf29772b2b45b9318a94661984cbcca9a530e36e2d2b1b09dd94e777d479d63d4db0b9e3f53a1781f6551e9142fdac63d2ed86d2d51a9dd288d1e9a869f53ad88df1f94e16a24af8c615939fa93ae62aad29eaa47a41a6d564536a2df546e9a935292dee547723b0dbc14904e0e3b293cff68f07dfa1a83d3dea0f486feb1abf02d8fdf9870ba751ad59edd2a6b2c2a34965d0e950efa9016824602bcfcd909e018b593d0dbee0553a652ee6a0843726f2add7eb9151210fa29cc496109432e92ac2f76d503b7230ac1e4f39ca2da696ff00fe97fa4a6965ae5148d58d5a7f4cfadb71dc35a915ca957adfb56a52e529a0d96952a621c0c803821291b4600184e303c6ba51fea02aff00fda97a44b36bdd16bfc0532b2a28afc01114fef600f400a51206de4fdc6a37d5ee8c5d350575c21da169bc69756876b45a1b7112da10e351568ee2194ef0129404f8206368f03cdd97c5a955a87ed11d29b860c0912a934aa7d6199f25081db8a5c6921bdca27ca8e4000678cf8f0a09e3d1fb325abbbf4f62df4f0a03ee3faeb87291755527f4bbaf565d16dabaae9aad6af4ad428122053d6ec6497d48400b7bc36138dca0af0160e704e3b8927d43f51e7f5d531fb37db35ab5e877fb770d3e5535750beead3a1a24b7b14e467148d8e019e52ac120fbfe9827694753af4f82d3afdfe486fecfd48996f758af4a1d554933e8b66daf4f9a10e15a43edc6215b547929c83cfbe79d467f6c9806a37a58296fbc64c4b7ee6a841ecaca5625468a890cac63c94ada4ab1efb71a99313abf60fed21d4badc9b12e9af50ee1814a4419f488a87900b0ce1693b969f2a5633e46d3c60e74cbc68353eaaf567a41587ad5b8a93415536e487554cf8c1b5c24bac2984f7b6a9494f73ca393b8149f638c1b7a525bdbf7051cbbf4f636dd0ca844ad758fae157a649f8a895091417d8712d94a56d2a9c9521609e7242b91edfcf57da78ceb98ff00647b1ef6b2ab1d4c63a910e5b72049a6c18b35d6b6b339b8ac2d94bac9c0dc92da5be71ee01e41d74e0f7d74c1545244abee2279e79d2e740fcba1ec35631c3c691d21ef9d2d0014fb9d380e3413c9234e1fff00348433d8fdf493c0cf8ce8118d2fe9f7d0309e06801a431eda40649c73a601d456ff00e9f527a9543628d722e5a60353e3cd53719d080f1697b836e6410a6cf85271c8f71e752a3c6a8cfdabab955a3f4da96c522554a0c3ab5c50e9d597e98c2dd928a72c2cbfdbd80a81c200c8f39c7bea26d691ac952f52ea71ef9be7acb5eb0e22aa36e52fa6132de9b5284d853122a8a7838969053ff15496ce0919dbef80a4936674c2b3d32baa97d3aa054e1329bb289021bf4d6ea34b7a23bf16d46c38595b88477548daadc064021271c03aded99d46b2a9b644fa1f43a8d32a26dca3ae4d32888a7c983f1494ff000a5c7d0372d4b57a89caca8924289e6beab75361f59afee8726d0a7d495538b505d6ab119c8ee36696c08ea6dc4b8ea9212405af6f07d4401e5435ccb4a6a9a7febd8a775b73075167d240fa71ae3cb9ebb64f4c7ab3d727badb1e9eb37153e0cba1090c2262e5450cb8d29b6c1c941eea065276f290738015aead372d2517226da339b4d7574f3504c3c1dca8c1ced9701c6080a20119cf235cad3aedb77a7fd49fda113d5c64c3915f8f1d74854b82a902a10c465b6943580a0a01780539033e71b4e1f5daafd1f3ebf71c167f6265d23e8c52a2d8bd36bbfab8e25ea85b36c2d931e7bcd3d0586dc5a9c4bca2a07d696d4139dd803c78ceb3ff0064774ceb4af8abd3e148816c562f5a84fb79b799ed030561bda5b4784b7b8280038041c6b9fe254e3407fa2dd38ebacf9941b2a359cdd5e6d25c65cff7a98643a965a91b015846c483b0f8c14a80cf1dc3665d96e5e3444ceb227c6a85263b86221719b286db5200ca0020600040e38d6b1d2a6d2e648ff9e782449f9863dc8d68ede27f00a5f91fee6cff00a06b7a9f9bcf8d6b280da450a98369e2235fe81abee43d8ce23cf3e743683f7234478f18d01ab287e011cf3a6e07d3441c11a3e793a006900e738d37df4e23927400ce4684010720eb51745c70ad1a0cead55bb9f0511295381b00a8e541200ce3dd435b71c703c6ab6ebdb6a77a4d70b4db8a656e98ada16967ba525529a00edf7e4ea26da83686aaf26ce6f536934e7ea50e4c7986a74c6254a9709b4a16e371e3f68b8ee776082890d2929f994158c641c36e0ea8d22d6662c8acc69c224c61d9319e6109777b0da504ba500ee427f31032a030a5a41c150d53f5f9e9a0d62f5454ab81dae3b47b962b92042eda5f98b109d88ca084e54ea62aa3a12da492bd8a2028e70dea0cd8354e9c5ed537eb1489122894a8145ec24a56e4153321a54d53a010a4e5c28494ab007c3a5438573ccbab369f3cfc7f268a3b7d7e0e8aac572050131155591f0e89735984c129277bceab6369fb655c6b5cddf14576aac531a90e2e4c999260b1f92a09724b082b75a04fb84a54727d276a803c6b43d4c991e540b5971a4b0e34f5d74b097504b80e246700a4f93b71f4e4e75abb36e4a759902e66ab9390999f8fd6e716d6dad3db67e24ad256a23d092971a014783bd2067c6b7d5976f6fb19f844b60dfb49aa57e5d06077dfab445ba8798090027b49614e10b276ab6fc5320ed2482ac79075eb47bda875f95262d1a5ae6bd0eacf522586d85e23cb69bee2d0b38c00138f57824819cf1a83c66d8a7f50ecf828afb71242eddaac990a63b2a44a7d72e129e3b9408e56a270900f23c631a875955f9748ea7d1a906a8d2e25c7765cb20b2cc24213dc88e49429b5b80ee2e142d83c8c6d655cea2339359e64a6922e9a75ef45abb9496a972152dfab53dea8c369b4614e47696d21c5727030a7db18273cfd8eb32e2b8a9f6a5165562b4e2da851b67714db4a715952d2848094f24952923f9ea95e98ca78b9d278e2aac539a1654e7dd436cb07be4c98236ee50384f27e5c64904fb6ac2eb56f3d34ac2595b0d3ca76221a53ecf75b4accb6424a9191b93bb1919191a21372e9b931354e894c7b9a9922a4dd35120a27b8e3eda585a0a55b99d8563fc1c4107c10a046b198bde852a7261469c97a42d52d2d04a4e1d545586e4a507c1536b3b48fa838ce0e2073a82697d69b2d6f54805cf15ca848eda034643c1111a437c927b69682729072a536951f71ad05aadbcd5d56abd227c35b0aa85e4fb6d30ca00424cee32ac82a5272ade31ca9673f2e4c4ba924b3cdbe47a576e6e598df53ed3729d0a72ab0d32ccea2aebb143a92953d01090b53c94f92025492479008e35b362eca3489a62353dbee14485a56af4b6b11dc0dbf851e0f6d44057d33ef838e66add5a3d27a7b4398eaa9ff0002c74b6034653d0927d12526304a1432a692a5b8c9560e0251cf8c8953f05370a695158af4684fb6bbb132262996d4d4670551070f217c16f7a036a49c6f4a8e0824107e2cb9f5a2b42be782e195d46b5a1c412dcadc47227c0bd505bd1dd0f21b88d2821c7d4a4120212a2013f5cff6558de46abc097529f4d892da7a7404b4b94ca4fa9a4b8145b27eca09563f4d53f4ca9d11eea1d45cacb742834e6edd9f12a6c942432f3e99c8f8c5e0f0b6d4b746edc33b9642b9f330b59c51eaa7509a508db1b8d49092da4058cb4f652b3fe607b67efad233934af9b92e29593f3edf7d2194838241fb69befa20f3ad8cc5951072a3c7df437288c1271a474b40c8b7ee3453d4817c2e5ca54d4d0bf056a2129ec36d97fbcb700c677a8a500f38c206a5216a4820288d01ce9738c8f3a4950052b50cfa8e912a51e4e74d1c8ce88f7c6980f1e0fe9ffa6b1e85cd0e9bff00756bfd035eea1e95fd369fe9ac5b739b7a93ff007367fd03517d85d8f7d41aefea841b1ea1f0f7053e525a5c3932d975875a5ef432a651ca4a814ef71f6db493c6e580700e7539f3f7f6d73f755d316efb6afaa9522a08993999d4ea1c78ec2429d8898f5164c8514e09dca717939046d6db3ee74a6da5865226b2fad14ba72eaaccea5545a97438b2e5d62385b2a5446238654e2c1dd873d121b580939c646377a4c824752e81168972559c79ff0084b767aa9f37f2c052a40eded42324056e2f3601c819572460ea85a75b126eeebddfb439f36aad52a4c1aac699292da0a9d61d349cc7dea4148051dd424a70a09f0729ceb16a684b96375dd0d3d22557a4df51e229a6d290e223a5f84dc75371f2509086d600736e57db0a5648006709c9c53bdd3fec72a5fb9799eadd21a767c59302a6dd4a98c4991528696db5ae2b6c259538a385e1636c86ca4237139f19046bcabfd67b66d88950a855be3114a88d4a71339b6d0e3723e1d484be1b015b89415918206762f19c735ad06a68b43ae379566b8b9ced363b554c4a71a52cb8e914a5a632300254b294e1084fa9407be09d44aed9ec4b8545a72a3ca69f66e6b8933d92da8aa2a1dac37b1c746dc27787da5232403bc14eed42ea49c6efb0daab3a325752edd8751a94032d6ec9a6c77654b0da410dc76db65c5bd9ce0a4090d78e4e4e01c1d6f2b17040b7e8ef55e7bcaf826c20ef6505c2b2b525280909f98a94a481faeb9211590e8eb0bd55953d7514512e3a387a4b212eca92c330582505236853852da90d8393bc100eaf7eae2154be8d90fa2414c37a8e641032b6da44d8c5d71580701094a94a3e004a8fb675a4672941beff00efd88ffaa7cd8ddd4fab146a317d1518f5365f891a64b9cc9611ba2478a1b2f3cb3bb0a400f36416ca8ab7600252a036916f1a54cadd6297b16caa990989d325be96d31fe1deeef6d7dcddc83d8593f40067191aa06f5b8e4dc156ea6cb96fa571a059f72d2a9f31861c4b2fa42e2e120e0a54ea1d70b4769ca8a46139071b4bd62b0da3a8e892e2db4b341b513313f0e4969a44a90a5eee33b76eeddfd91b8eb37d5a57cffaf81b552aae63e4b83fda55b1d82f35504bad7e152eb09532d15a551633810f2c1031b92a5246df9b27ec75eccdfb6fcc8225b7294b61e44929dd19597111d610e1f1c8dcb4a464f25631ae5ebffa8973507a8779d4ac7a79ada62b5587a490eb694b74f8cd52fbee3616921cfcc2b4109cfa90a1e42b5b2a9cd5c4b7af69132aeea93567ea49a0a5a2038c219ae94c9c7f0bb95bccbc1440212b2900849252eac9afd19a38a89d3d49a8c0ae2649622f6e44094a8b2187e3a4391ddda95ed38c8f5214dac104821493ad6aafba04653aa96b5c26589125097de8e10853ad3c197761f73bd7fcc6e3c807583d3d5b8bb8fa96879d71deddd88092b6c230934c82a006072067193c9d55d5282fcde9bd66aeed4129660dd758618676147a9daf29b2a538544e0242801803d593e0634d5271d4bc0a95d1715c576db342abc3a75c72a2b351729f2e74543cc8254c47092fec247948295148e4804f80712249666c74ab087d9712958dc9042870a0707f91d73d7ed07596eddb8e7d6243616c53ec7a9b8e14c60f3bb1721a69496fdd392ea371e06d49c9006ba121b6b6a23087482e25a425453e33b4671ad212d57ceefe087cfe073d15890eb4ec861a75c6892d2d6d85146719c13e33f6d34438e829288ec0282bda436918de72bc71fc4793f5f7d7b7b6901c6b4a42309748a73b14c5769f0d718c6f842caa3a0a0b18c76b6e31b31fc3e34f102138e4a73e122a9c923b7255d9492e8c636af8f50c7b1d65e38d312da50a5a920254b20ab03c91a5480c65d269ee2584b94f86b4c63b984aa3a0868e41ca78e0e403c7b81ac86e3b2dbefbedb2d21e7f6979c4a00539b4613b8f9381c73e34ff001a39c674e9008fdf48707401ff001d38118e4fe9a602573af17e5350e3adf94b4b4cb632b52bdb5ed9c8d6aee0acc0a052973eb193190fb0d21296fb8b5bce3a96d94213eea538b4253f72352f0812b3024df96e4452d0f55992b430e48710da16e29a6db514ad4b0904a00524a4eec7a811e78d6ee74d8d4d8af4a9efb71a3323738eb8ada948f1fe67031ee4e35455463cae9a22f6bce5dc71577944a6caacbf406dc6fe1ff0f3216e32daca80592363a8ef0291b96af4900033deb7979be9e4df802944f354a52602dc510da259a8c70c2dcc024b6974a0ac0e4a42802090759c66f3e4bd2af0481ebd2de8ad30e48acc3690fb8a6d056e63d497036bdc3ca76ad49412ac00a201c1235bf1c139fd35ceb40a6bb5eb52f9b40b10e4dfb71542b50ead344722346656bd9de4f2561aed16821bc92a712a055e95ac74593b9679e34e1272cfd04d2425f0d2ff00e83fd358d6ef36f52b1ffd9b3fe81ac95f2d2f3e361fe9ac4b6c7ff0ed273ffd933fe81a3b91d8c9c7d35a355e7470853aba8b4dc70b75a43eb504a1c71a7832e21249e541c211f7278ceb7a3e61fa8febae55b86915a9349b7e2a5879faa52ee1abc99b116d171d6a23970b0e216b09076a4b03783ee9054380704e4e2d57328a47444cbda8b0643f166545a6e4458ee4a98d29d4831186c80e3ae12701292a4e7c9e7238c9d78d5ba8343a3536454a44c322334874b7f08dfc42e4adb73b6e36d211952d695e1246382473e71415c29ac556bdd5b7cb932545ac5bb5883435aa3ee0fb894b2da59608c773d617848c9249f38ceb36955e3692ecbaad69f7196e9322e75549a5a3e1f638fd412dc7439c04b7bdc75012a570776e048cab58aeb49f3d6bee54a3a762f755f549451ea7525b920374b99f053986d82f3ccc82a4243650dee2547b8d91b73c281d39fbca8aca642a44c01a69c71a0bed95875c69c0db88463256a4384248c7cde3c1c405db7de8d53a051a65699a8d4ae0ba5cb86a7b0369425b8a842834d2061450db88868dc49513ea57cc46a2b6c4b974aaf5aaed6263f0d98350bc5ea9ad592a8cdb9513d95b8304253871041571820f29c90df524b1cedf21a738e728b4e4753eda8d0d331f94e86d2d4a9327fdd495446e2b9d990e3a3f8036bf413c9e0e3201224f4ea8c5ac435c882b2f47ef3d1d44a08056db8a6d639f237215cf8239d72dc4baea366cfb84c3ba8befd9f43b8a4ae5bcc36a6eaafb7526dd21d48032a05ded381ada4ad7c149c2459d693770503ab10e815a311d86f522bf528ee3131d512876aacb8df71a521202c21e4a7df052a00e3cbe9f52526ad6fcf61ca296c5aaf4a8308b51e4bb19856c53cd34ac03b50a4852d29fa02b4648f0543eba63759a597d7b664743a7ba952d64277864e1cf51f9820920fd39fa1d50bfb480a99b8edf76994d9339b62dea9a9c5479e63a900cfa5851c60857191b4f9dc7c6dd6ee81064d52eab377b45da7a2ab78226b0ec62125b54d71294a938230723c91bb2319ce93eabd54972e88af258706f3b4265acaba69f3a13b416fbb1be31a8e4a7d2f769684809dc41706300609c79d6740addbb577910e0c88521e71c9c1b60b40294a8b20332941247210f10951fa91e720eab1b65f5ce8506891b63c677516b0fc90e20b812c459f2241570411875b6120f2029490739d6274624d51abf6e66ee1f87111e76b8ed014db61b5219456e5265058e4ad656a8ea2a184ed536319c927e2557d3daca71abe77a2dd87725164aa39a7c96df7ea50c5499430d12e3ec7e5a03db7193f33639e718fa6b11db8ed5934f98dcb910954f4aa4f7d2fc7c34e2997b63f80a18594bbc1c0395118ceaa6e95bb517eadd2b6999713e2474ca3bb29e7a317d6e82e44ced505a719c28e79e707db513b91ea826de2e4b4458f023d6eaced35ceef7848df5f0dbe1f428000a5a595a7693ee4e3b7ea1751b6979bfee86e34740aabb685484f6e49a7bca4409226b2fc3f5a6325412fa1d4293909c94e52472083823075b0a7dd940a93e23d36af0a4bdf1126376da70129763ab6bed903c141c020f8c8fa8d732f546fe5daf76dedf0d4f72b4d4a8f5362a5f87369717121a59a7a1c75d2a524a424bc9f973c6e27c646ffa7dba0df94da5a63d33e224c8b9aa923e01a56e787c518eb796bc049515a1a464924829fa0d4c7acc1453674026e5a329b6dc1558450ec56e6367be9f530e2b6b6e0feea944007dc9c0d6db18cfd7df5cc749a93cd547a6e86d8891a84ab3adc5d57beb4fc436932d098a8427c6def11dc2afe11e9e73ae9c03ce7cfbeba213d48cfb1893aa706968617549b1a0a643edc665521e4b61d796ada86d393ca944801239275e70eb14fa8bceb3026b125c6c28a836bddf2aca1583e0ed5a54956338230707512eacc38ee5b90a6aa2b2fcd8d5aa4371dc71bdea6c2ea7142b6fd09c0f1f41a34882aac5eccd5e95122c2b728f0e6c188b691b553243ef34a79694a7d296d2a648c9e56b5288c0195cea7ab48eb164dd4ea10a095ad2952bc02793ce3fa903f9e991a5313594c884f3525859212e34b0b4920907047d0823f96a95ea6565fa55d57f3aa7408b06c189292dac1c157c5cbdfef8e421238e7c7db59fd395d7a877cb76bd6203f122b343952c2fe21b7195b8aa93841012ac8250b49e523dc678d3d6f528d7388ad2b4dd968cfae53294a4a2a7508b0dc5edc25e79293852c212707c02b21209e3240f274f97548301992f4e98c46663005e5bae04a5193819278e4f1faf1e750cea452917032edbd45a753a4d7ab51db8f2e4c9682845a7a5dca9c7304294012bedb791b96af6485a935d5ab71b0f3162bd5f868994d934cafd45e880092a725b55488b8e1095677ba1c56500785e31eda5aff35028dab2e872f2b75900bb5da6a06d2b3fef29f4a4385a2a573e901c4941271ea053e4635955db7e9d73d2dda55761a274275c69c532b2402b6dc4b8856410414ad095020f91aa3e25bb56e96c3bb3a89365d218adb9164cea95057f9886e239517e4a125e042839b1c75055b4a0b99c0213937ecc86ccf8efc49692e477d25b753b88dc93c1191cf2383fae9c64e587b89a49e08fb543b52b90a3b888f4cab44714a6da74b8240776ba54a6f79277a43a9c941246f4838c8d63cbb4587eab75cebaa7469f6f55a2c36cd36431b1a8a58ee15bca70a8e54a2b41c809dbd9463279d731509726896d753cd29060b14bb6aa42136cfe4b31d5fbc559c0484901180da31b71c247d06babaa101faa3f538b70c3a4bb460f4476965c796a5b9210bde3ba829094ed790d946d52b3ee0103309a9258ed7fda0ef566b625b766429d06a904438f2a5b4eb71a433505a0ca4b8ef757c85fe69538addb8e4e55e79e65e3e624f9fa6b90aab48ab53ba717d56e6d0999adb36e54e8d584c494a1f05391527df7dc652ee02e39120b8dedf580ca1079c6debf3ff117a7d392784125435de1a5e3fb07fa1d63dbdc50295ff7367fd03590e7fc35e7fb0afe875e3411b6874d038022343ffc06b423b1ec79f1ac494fc4a5b4ece94a6a30250971edb82a255b50924724e54001f7c6b281c67efa88753a4b90ed24bedc533022b1492b6fb6b584b7f8831bdc2107384272b27c009c9c8074e4da5687b198ddcb46933d9a5c248993a2214e888c34852e2842bb44e3202082ac71ce0fd35aeafde1649a8d46ddb8a44297250d455cc88f422fa0a5c9296590a3b4a547bca40db9253b92a200209acba75dc73aeb75389a92e3365a9af0616c80992d7c6a101614b39294a90e2429031951e7800e77532dfa85c9d4da750adb5c58b293434d4d0d495ad115c719adc07d4541033b941a50dc39257ceb08cdb8c5beff007f81caff00369dd7d8b22bb58b4ac26a9f2eb2aa6d1d2ecb10a1291193bcbcfb8841436942777a95b3711c0c02ae0675eabbc6d75c898d49931f0e871875d718fcb925a74b0e34158c38a438ad851c9cab18f3aa56a73a6bbd0bb9ea1557d866a0c5ed35869f6d4a516d1fbc4949682d490704a42781820273f6d17511a1499d478d43bae32a02aad56722cb443dced3e53b71402fa9d2b252a4b2ebaf3632120fa339f3a7294a29631ce7ec3493fe4bf20aecaa943888629b4c2c51e5bcdb2d394c4a0539f6d63b87053864856d3bb8ce4281239d672ae5b5d52db9df1905d95d990cb3310d6f51422425a79a43a0727be1092d8392adbc1e3549d66e2a9572775252e487273d4eb6ea94b8bda85dc121d6e528248030953a3b8da1481e48078dd81a9add0a252ee7b26951aeba72a8a5fb825532a8b6c153327f1488f29b7f9daa024153071b0f23f8b531ea5edcdfe0ad293699d0b12f6a34ba98a64196ec89fb5c52a3b51dc529b087434bdfc7a70b50073ec73c8e75ef1ab34230655c316446f86716587e6a5382e299754d6c3c65452e6e481ce49c0ce754a74a9f9d3bad373b932452d52a239536a418ec2ce5a3359eda01560829d8a0a3ea05438031adcd946ad645e14cb4aec349453550ab1524b919e2a0b71eacb6a6094169212a024246771f513f4ce9c7a8f4c5bee2695b4bb161b726d0855764c6669e9abc66264c6931e2ef7db43af812960241502a780dfee5439e46bce24fb2e00764435d2a2a69ae4c754e25bed86d6e485264a9271ea2a7c282f19caf19e48d54d6dd498891aeaa88ba9b8b775a0aad3725b650ca62ce65b966529e75b5a0ad00975285ec5800a978f6c419d35414f87322d623b116aaed799a5c6f86c2997bf7a185ee5f27ba9505252784ed093e4a8913ade31dbfc069668e8b541b19830de3069cc2a874f7d88cb4c52830a23652975b0401b1036a329fb0207beb265c1b312ea697359a3875b8b2a588ab09c86242c87d7b3fb2e29c215fda2ad579477e7d52b571d096cb6b666f509d134f69650a84cc261ec1e4e09296907f855950f7c69dd5c92d536f2a22d83162baf4105d77624b8add59a5239dc0e461447db8c78185aff2ea697323acf3cd1317287d3ba35324c9911285061292ed16438f04a02be21e05c8cbddc92e38a04a4f2a2a079ceb611e0d99025b2e46629915f81f191d92d8d9b3e21f47c4a118e0ee78b6158cfac81e751eeacd2a8f26cdad4886dd2d1304f8e87a42ca4250eae4c64acac8ce165296c648ce0275e7118a2d4ed88e9aad5a1d0ea0ed7e7aa9f323b8c9752afc673db417029395b8196d6319dcac7071adb089dde49446b52d399196c47a5c290c3511ba3292a49212c30aca18e7d92a391ef9c73adc2ae1a4a10975ca9c44b6b242565d1b49ee06f015e0fac84febc6a98afdeaf3adf5067459eb4d4e89467e2a4294c96cad894e8439b3055b89c03e929e3d89c6b32aeeb56c41b6edda3d619abd3aa35d666c5907b492decad462eb49d89c2ffe64a720029edf3924919fe2524d2dca71ecd96dd459a5d562b0c553b1223a9f8d2194a9ce14e36ea5c654083ece21047b1200e7c6b5542a75b3408ee46a0bccc68b23bae769139c535ea74f70a01514a72e3a41db8f52b1e755443b9dfa2d6eeea83ccc19945a7c10eaa33c94bae4868d5e625a2da82b094e12e048503ea09f006b7caa6ceb7d9b76c9a2d7989682a555634b9250d2dc112a7194e463b3015bd320b61407040242b768d69d3a0d295ab277b6d68506332fc88022d363252854995dc2db2956c1bd6b249485a072b27d48cf919d64a29d41917148ac3623b95b6e02a0bcfb6f9ee263070a8a0807000585738c8208ceab1b5eb4f5cd219a14fa7450a9977561350696e07310e1c85ad25240f502f2e3e52ac70e2c7d8c1a8956930e8fd2f2f3aca9729f5a50f21677acaebd10389504900fa549f73ceec8fa9ab2b1bf3dc4e3b9779b3ed6a7d6604ff8a930ea69a6314d6166bb210b7e334ee5b4a8173f3485b846f56544b8413eac6bdab76cdaf53a6c8a6ce71b851d73197c88b50544534f89285a0a14850282a7d2924271b9679c93aa71faecbfc4ae57d1222cb830a6bccd75b753b1d890ff001a7fb4eb1c28296007ca82b00f6dbc72305b50ae4b72ddb35556a7c14d527dc519c852584952846171450e216a59382b0b617e9cfa82863804a5d44eb1b97a7d4b7ea1645a15e6e3cbab32d5490a22297a4cc53824a43e56861c528fe6a52f72942b383903c9064cdd669cf2965aa84270b614b5ed9083b4255b544f3c00a183f43c6a15d61a6b32a85469afc743d2e15cf42ec6f56e4b7baaf1029401e376dc80ac640240c64e70286d43b25348b3eb6ec4ae401025d5214b6a36c524c798c10d946f577165725ada538ca91e3246b4d5a1d6dcff0048ab46da159564428ec4269305d6d6f48905b7a525c3283f25e7d687327f31befb8e2824e4050e3c1d6d6af6cd3661afaeaf519c1ba8351dc790e549486e176092879919fc856e1b8ac7952013e355af4b2157293d4aba23d6a991195cfa7b556710b7d3dd84d49a9cf5b4c100282d413bd4b2141216709ddf36bd556ed351d7aacc6911d8988a8db11a7be66bca25d92dd494a6028ff652ada942403803183e0a8c6e2b1e7dc2a9bc9308dd2bb695023b51d539711d6de32148a8ad42a21f792fb8a7940fe66e58ce463014a48c2094ea7592739fafb6a05d1b90e3b63351e7a50cd561cf9cc54e3b4a2a6d897f14e29c6db27cb40afd1fdcdbe3c6a7bce3f5d690492b4a896dde44e1fc977fe83fd0ebc6827342a61fac46bfd035e8f28fc3bb8e0842bfa1d3286928a2d39278222b40ff00e51a3b93d8781c9c9d138c107918c7f2d0d2f3ab19ac7adaa2497d87e4d1e9af3f1d811d971709b529b641c86d248c848201da38e359860453504cf31a3fc7a592c093da4f7436541451bf19da5401c671900eb2343fcf4520309da3535d82e415d36139096e97971951d05a5b85cee1594e31b8b9ebcf9ddcf9e75e6aa1d25c335e55260a9c9e92998a54446e929f74b9c7a87d8e75b21efefa04fd3dfdb45205831a251e9d0e2c58f060458f1a228ae334d3294a5a51ce4a401c1f52b27ee75826d3b7d522a521543a629fa9a0a273861a0aa4a4f90e1c7a81c03cfd06b70d9c271f4d23c13a5a505b344dd2a836ba53321d25986a4b02225c834e538e068296e047e5a4ab66e2b57d37289f275a676bf64d68d32a3250dcc5d663394f82fbb4b7c994cb9f98b6504a3d4921ade47d119f6ce9fd4799537e94d5b96a3ccc7afdc01c8f1de782ca23309197e42b610af4a484a7041dee37c8e488e5b8dde35ebadfa8b6684cd12df53d488295419492f2806c3ceb7b978012b42990ac1cec730403ce3279d29739fd96962db248c33662514ea6a69ad30d4592a6a221ea63cd36975c24a9214a40492b5649c93b9583c9c6bdea56f59f40873ea753a653e24775e42e4bc5927738b921d1c0c9ca9f525581e54413ac94d32b93ea901ead4f8adc084b53df09090e02fbbc847714a3f2241ddb40e561273e9c1d5f56e6c981633cf53d4d2659aad29b64bc95a9016ba84740dc10371195738e74ebf2b742ddd19d1576a43af072337122d665a9e7b2a654dbaa2e29b6dc51dc063729a693938c94003c6b3e7d02855d9af7e270624e9adc2544703a9cad31de52565047d14a6527f540c78d525d58a95c70eecaa3c7e092c532d38f53aa16bb9bbb0cd4fb8ea582524770b2d2c242b8dd8f6c9d5a56f549f93d4abf21b8fbae47888a6f69a57cad95b4e156dfd7033fa6883d586b99436ab26e26d2edf6e01a4d45984223ee25e54779592e2fba921c564e49ee6cf51f7c73a62adcb6be2264354180993212e4a7d9f0b01c742d4e819ca773a90bdc304ad3bbc8ceb5f7cf7a7c29545b6da82edcb528659439213c458c55853cbc0c94a79da91f32f0381b9498bdeb25347bf623b096d30ebacd350e1c90f2c3d598edabd79f9482414f8f563182416dd3aa04bd4b0598542a6c38eb6da81162adfdcd2d5b521c79d7376727e65adcc2b9c92bc1f383ad6546d1b526225d36a2c30d99059796c22738c2d04c82e214809582dee7f2728c6f570738d57152a94e99685c72ea1be449a7750a3c48a1c3f2b0aaac418093c676a8e0e3201e0f2759d7a526748ea13d16de8c99528a28539d46f4a5d2cb75a2e3ebdea2329436924233f64f271a51a9258dc3ff002dabdbe4b0e65af6d3f3e9c254084896db4198ad03dbded36a0e046c0405a10a014010424f2304f38936896834674a9aa86ca96e061e79734a54cb8b782c21b56ecb4a53c12ac2304ac03c903500a5dcf50b9ec0a35d4c351c4b35d426b45d78372514f8f5479280829c838523949c0523b801dd8ceeaa7359b5ae8af3f51850dfa446b705469086c9521461baa5bddcc8212e071f68a149c9c294782398d51ad4d728ad2d3aee4c28348b7212e14ba1fc3adc0992cb0fa2529d5385c7438fe5449deb538d82a2727239d360d8740a7334e6e140edb74d8ef46880beb57690ebadbab3c93eaee3285051e5253c11aaaabf5aaa5910af14a67a23cba65a74da9389717dc0dcc9136629f7323190a5240f18f48fa6afa38c9fd75a24ab28892a7b9169dd3db72a5298952e98953aca5b428a5d5a03c1b7fbe80e807f330f65cf567d4a5ff6959c55f4aed37252642e929dedca6a53003aa098ee2252657e527386c29f6d2e282701640ce401a991ce3e9a1e07d754a31de856d98159a3c4afc46e254d0b5b2dcb8b31210e141eec77d0fb6723d82db4923c1030783a8bc9e93db122334ca62bd17e1e58950d6c3c50b88af894495259563286d4eb6852903d276a463000137073a5a6e31dc2da5446dab2e247adb95a6a7d4d3527a1b109f7be241ef32cbcebad850db8e14fb83230485635e55ce9fd16e2aa3d53a8b4f09ee43662879a77616d2d48121a5a78e168752140fd4783a9511c1fb78d341f38c68a15b3556e5b94eb5603d1290c96d2f49765bee29595bf21d595b8ead5eea52893ec070000001ada7b73a3e738f3a58391f4d3492423ce47315f18c9ed2bf9f074fa520b74b8483e52c360ff00e51a63b82cbbff0042b3fe075ef0f061c7c78eda71fe1a1aee1d8f24f247d7c0d6adaba28af2222d9a9c671b96eb8cb0b4af2971c43a1a5a01f1b8384271f5e35b5481b87ea3faeb8c2deb92022a163d15979d664aea8aab36da57b4ad99370436d4e383c296a7d0f24724848238046b2ea753434bcfd8b51b4d9d7edd7696eb931b6e7b0b721e7e210179537ea29e47fd4923f51ac466efa1bf044e66a2872129c2d22406d7db7161d0d6d4ab18528b84240192a39c67075c9f7353245c77bde1360566a3123525f91f8a26338005c745464b89429242b7a7becb492125276a960f048d59f49751fec36d153ad1c9ba69bd86dc5ec25c35c18078381e0f00fdbdb50bad271d543d2ada2f78b25a991d0fc65ef697e0ed293e79041e4107820f2358d56abc1a1c15cdabc96e24542db6cb8bcf2b5ac2109006492a5282401c9246a35d317552a83509cfc879d9336b33dd911dd090a84e07d4831bd3e766c033fc5f30e08d6bfacce045af4809500e2aeaa086d25d0df715f8930427383e71f4d6ba9e8d5f41565a2582e8a307a233f89c50e4cee76125782bedac217fa616424e71ea2079d793379dbd21b98eb55a82a6a18529f73be025212e29b51c9e080e254838ce1431e75ced7822e3b6ab3d4aefcb683cab39753580ea9cf85322a924b696d45383b5a42b3903d606383c62d1eaaea58b2d719d71b6e04e75b8ec2d4522a6655d0cb4b564024063b0dad43071f128f60738fe2c9349f7f9a29453baec7471b86d76a741a93952a7a65cd64b115e53d852db0ea52a48fa0eea92939c7a8a41e7035a1a5d23a77428d329d4c7e053e3439043ecfe24e3686dd71f208e560025e70a78fe3501e70355a59d75b74fba3a97fbd4dfe254d84e48912e36c0f36d37f88bc8c02a001c213bb6e32769fb6a1574f62bf6574fa8d5092fcb875d99518aea90e105c52ae1821077f072158e78f7c7b69466a493a590aab49ec757a6af4a8c2435f88c44082d153e1520659424ed25649e0020824fd342bb41a75cb4c76975e8899b05c75a754d294a48ded38975b565241052b4254307c81ae5c8f71fef0dbfd639a8a92530dfb72a6bfc9497190aefbe853a820e4f2952427fbbe75d56c99a674b125b8e98210d7c2ad0e28bab560f737a718481e9c609cf39c6b5e9cf5acf8f9f821ad326b9d88cd76d1b36454e2cbb923455cc7a3fc137f192dcc3ed1792e76d4852b6b83ba5240503c903df1adfc7a65361d4ea95361a69a9d3036273c1672a0d24846ec9c0c2547e9e79d402a51a3557ac157a75714d394772cd603cdb876001535e0b25608232129f71f2ea066efaa49474e926b41a355ab54d12125d2812022b51d0064f9012548033cefc723439283db97438ad57cec5ed2697495ce6eb5230dca532dc64c91296d85a3b9b908e1401cad5c0f2738d793f4da055aa4fcb7be165ce6d9fc3dd224e4b60b81610520fa57bd2083f30238f1aa8eeb5b759b2af57aa7505a534cbda3b7197b010c626425048078dc4e4057901c563520badba947be94c53d7f0edca4d364406e037dd5bed47a9b6ba87713c6080fa0647b38b3c9046a14eeb1bfb97a6bb9604ba6d2170a2d22786432b75a79865d7c85b8e32e21c4af24ee5a82d28249c927ce73af47615262561faf4aecb13d30931dd90e3db42238714b00827006e279f7c7db557bb5d997bd8ee7eeac9799bc2b2fc9851652bf2dc8b158a83a82faf190da52949c1c654ada3938c4a634c8122e1bd2b7589085d329cf43a6a11b01095b29ef1c6df5294a72484ece72509c024eae334d5a25c2b0ccb6ba796a9a65360b11c9a6c794b90d3089abed3ee29f2f90e00ac3a03a4ac255900e78c675e536d4b416e5525d46420e541a92e3d565ed633203fda195e1b0a740252319c04f8000af1ea9d6edfa15e2c55279a63cca62d62231b13ba1a255565a90838c8dfb128410320286327cea4753b5a5d72b1118b25d814ba0d19d6b7bd25b71cefcc6e6a1e2d00482a48487417371f5b98192956b3524f09736f61acde79b93c9344a15cca44f7a343a925690d979252e21e421c2a08511c2d29701201c80acfd4eb759ff3f3a8fd9f5b8b5ca43eec28cdc531aa13214869a404a7becbeb6dd501f452925409e4eee75bf483b944ac907c2481e9d6e9193b0e07be8119e00e74f1a1a6218079074f1e743ce7ff006d1c68017d7413c781ff00ef44f23413e4e80178f2340fbe34e4fbe911c63401e2a196dd18ce507fa1d7a4671088cca4ad394a123cfdb4c7014b6bff00a4e3fc0ebdda0034818fe11a6d8d9e2383fa6a22df4b6ce64c42d50984aa1c57e2c73dc709434f484495807779ef348702be64a8652464e65e00e34b8c1fd74694f2c69917474ead76db9e8451d928a846f869814eb8aefb7de75f3bb2ae4975f75655f328ace49d7ac2b16dda751e2d222d3714d893533a3c75c875c4b4fa5fefa569dca2461cf501e078c638d48bdb40ff00e9a5a62bb06c6152e8d028a8968a4c61193325bb31f01455bde715b96be4fb9f61c69958a1d3ebd1e3b1578e24b71a6479ad27714ed7987038dab8fa2d20e3c1c6b603efa234e9550eddd91ead59142b81eaabd55865d7eab4e6e9b2d6979682b8e85b8b4a460fa70a7567239e7edad77fb2bb54a28884c07908a1beb7e084cc7476d6b94dca513eaf565d65070acf191e09d4cbff00e690f7c7f3d2d31bb6844355d28b5573a4cdfc39c4c8972d72a52932169124adc4baa43801f5b7dc48576cfa7255c614a05a9e92da897105ba7ba86d99cdce8cca652fb719d4cb4cb25a467084a9f4256a48e0e00f1c6a6dc60e4fe9a039e749423e07a990047466cf69131a669ceb71e6bf29d96ca64ac21f121e0fbad2c7bb65c1b823c0dca03014a0670dc60dcc93243afa94f8402da9d2508db9e5293c249cf38f381f4d640034bdf42515b21591fad5a147af49548a9c42e3ae46111f295ecefb1bf7f6978f993bb9c7dd43c2883eeab5e8ef3856e53e339b4a8b414ca70c152d2b516f8f4152d0859c795241f235b52304e7f968a3dfe9aad31de876cd455ad4a556e8ced267c60623d21a92ef6f08538f36ea1d4b8a2072adeda493ef8d78d32cda5d2ab5f8bb0242e525121b8e1d7b722325f7c3cf06d3edbd694939ce02120600c6a407206478d2c0e31a54856c89507a7b4db665aa4d1a654a3ad4d96dc497d2b4ad264bd20e77249e5721cf18f4e07b6b2dcb2e02a9a984cc99d1529ab9ab775a787714f9905f2092920a093b7691f2e07b67522073f7d1e0e753a229506a6ddb34d2ad4a654965daac64cf75c43087d4f049efa5974bad0580003b1c5150e3dcfd75afa55870a996e43a19a854664482e36e4572429a2eb2b6dcee2140a50012081f30391c1cf3a9573e068631a34a0d4cd45b76e44b5e9629f4f53cea0befc975d7d614ebcf3cea9d71c51000c95ac9c0000f000000d6df18cf1a1c1e345201d56c841d1d2fb0f1a1eda0421efa3ec74bdb4811a001f5ce867ce89193a1938d0014f8d2f7d24f8d23a00f29032cb98fec2bfa1d7bb272cb7ff48d78483feecfe3d9b57f43af78e731da3fdc1fd3403d86a86318d33edf4d2d2d343401e0e80e74b4b4c6150c1c6927c696968408434b3a5a5a0043c1d3c1d2d2d210d3a20f93a5a5a010b1fcf8d148d2d2d21048e33a0af48ce969680003e7eda2381ce9696801c3c6867cfd34b4b400d039d387034b4b400869039e34b4b400b481d2d2d001ce79d371e559f6c634b4b4805e393a5e4f3a5a5a60794af4c67cfb7695fd0eb2237fcb33ff00427fa696969f61f63fffd9);
INSERT INTO `transactions` (`id`, `family_id`, `user_id`, `category_id`, `local_category_id`, `type`, `amount`, `currency`, `payment_method`, `description`, `transaction_date`, `is_recurring`, `created_at`, `receipt_blob`) VALUES
(191, NULL, 86, 1, NULL, 'expense', 50.000000000000, 'PLN', 'cash', '', '2025-12-02 19:42:00', 0, '2025-12-05 19:42:40', NULL),
(211, NULL, 86, 1, NULL, 'expense', 22.000000000000, 'PLN', 'cash', '', '2025-12-13 12:48:00', 0, '2025-12-13 12:48:46', NULL),
(212, NULL, 86, 1, NULL, 'expense', 1.000000000000, 'PLN', 'cash', '', '2025-12-13 13:01:00', 0, '2025-12-13 13:01:15', NULL),
(213, NULL, 86, 1, NULL, 'expense', 2.000000000000, 'PLN', 'card', '', '2025-12-13 13:01:00', 0, '2025-12-13 13:02:00', NULL),
(214, NULL, 86, 1, NULL, 'expense', 2.000000000000, 'PLN', 'card', '', '2025-12-13 13:45:00', 0, '2025-12-13 13:45:47', NULL),
(215, 50, 88, 21, NULL, 'income', 7000.000000000000, 'PLN', 'card', '', '2025-12-01 12:50:00', 0, '2025-12-20 12:50:13', NULL),
(216, 50, 88, 1, NULL, 'expense', 105.000000000000, 'PLN', 'card', '', '2025-12-01 12:51:00', 0, '2025-12-20 12:51:10', NULL),
(217, 50, 88, 2, NULL, 'expense', 100.000000000000, 'PLN', 'cash', '', '2025-12-01 12:51:00', 0, '2025-12-20 12:51:31', NULL),
(218, 50, 88, 15, NULL, 'expense', 2000.000000000000, 'PLN', 'card', '', '2025-12-05 12:52:00', 0, '2025-12-20 12:52:20', NULL),
(219, 50, 88, 6, NULL, 'expense', 200.000000000000, 'PLN', 'card', '', '2025-12-06 12:52:00', 0, '2025-12-20 12:52:43', NULL),
(220, 50, 88, 1, NULL, 'expense', 70.000000000000, 'PLN', 'card', '', '2025-12-07 12:53:00', 0, '2025-12-20 12:53:14', NULL),
(221, 50, 88, 1, NULL, 'expense', 20.000000000000, 'PLN', 'card', '', '2025-12-08 12:53:00', 0, '2025-12-20 12:53:47', NULL),
(222, 50, 88, 1, NULL, 'expense', 140.000000000000, 'PLN', 'card', '', '2025-12-10 12:54:00', 0, '2025-12-20 12:54:44', NULL),
(223, 50, 88, 8, NULL, 'expense', 30.000000000000, 'PLN', 'card', '', '2025-12-11 12:54:00', 0, '2025-12-20 12:55:11', NULL),
(224, 50, 88, 4, NULL, 'expense', 60.000000000000, 'PLN', 'card', '', '2025-12-14 12:55:00', 0, '2025-12-20 12:55:57', NULL),
(225, 50, 88, 1, NULL, 'expense', 20.000000000000, 'PLN', 'card', '', '2025-12-14 12:56:00', 0, '2025-12-20 12:56:44', NULL),
(226, 50, 88, 1, NULL, 'expense', 30.000000000000, 'PLN', 'cash', '', '2025-12-15 12:56:00', 0, '2025-12-20 12:57:05', NULL),
(227, 50, 88, 15, NULL, 'expense', 410.000000000000, 'PLN', 'card', '', '2025-12-17 12:58:00', 0, '2025-12-20 12:58:19', NULL),
(228, 50, 88, 1, NULL, 'expense', 85.000000000000, 'PLN', 'card', '', '2025-12-19 12:58:00', 0, '2025-12-20 12:59:02', NULL),
(229, 50, 88, 1, NULL, 'expense', 130.000000000000, 'PLN', 'card', '', '2025-12-20 12:59:00', 0, '2025-12-20 12:59:21', NULL),
(230, 50, 88, 1, NULL, 'expense', 420.000000000000, 'PLN', 'card', '', '2025-12-22 13:01:00', 0, '2025-12-20 13:01:54', NULL),
(231, 50, 88, 1, NULL, 'expense', 0.000410000000, 'BTC', 'crypto', '', '2025-12-01 13:09:00', 0, '2025-12-26 13:10:53', NULL),
(232, 50, 88, 2, NULL, 'expense', 0.000790000000, 'BTC', 'crypto', '', '2025-12-03 13:19:00', 0, '2025-12-26 13:19:42', NULL),
(233, 50, 88, 10, NULL, 'expense', 0.010000000000, 'BTC', 'crypto', '', '2025-12-05 13:19:00', 0, '2025-12-26 13:20:14', NULL),
(234, 50, 88, 23, NULL, 'income', 0.025000000000, 'BTC', 'crypto', '', '2025-12-10 13:20:00', 0, '2025-12-26 13:20:53', NULL),
(235, 50, 88, 12, NULL, 'expense', 0.000500000000, 'BTC', 'crypto', '', '2025-12-08 13:21:00', 0, '2025-12-26 13:21:10', NULL),
(236, 50, 89, 1, NULL, 'expense', 160.000000000000, 'PLN', 'card', '', '2025-12-11 13:19:00', 0, '2026-01-05 13:19:10', NULL),
(237, 50, 88, 23, NULL, 'income', 1500.000000000000, 'PLN', 'card', '', '2025-12-06 13:21:00', 0, '2026-01-05 13:21:21', NULL),
(238, 51, 93, 1, NULL, 'expense', 7000.000000000000, 'PLN', 'cash', '', '2025-12-06 13:45:00', 0, '2026-01-05 13:46:14', NULL),
(239, 50, 88, 1, NULL, 'expense', 87.000000000000, 'PLN', 'cash', '', '2026-01-12 11:19:00', 0, '2026-01-12 11:19:30', NULL),
(240, 50, 88, 1, NULL, 'expense', 217.000000000000, 'PLN', 'cash', '', '2026-01-05 19:27:00', 0, '2026-01-14 19:27:29', NULL),
(241, 50, 88, 2, NULL, 'expense', 200.000000000000, 'PLN', 'card', '', '2026-01-03 19:27:00', 0, '2026-01-14 19:27:48', NULL),
(242, 50, 88, 15, NULL, 'expense', 1930.000000000000, 'PLN', 'card', '', '2026-01-10 19:28:00', 0, '2026-01-14 19:28:29', NULL),
(243, 50, 88, 1, NULL, 'expense', 150.000000000000, 'PLN', 'cash', '', '2026-01-07 19:28:00', 0, '2026-01-14 19:28:48', NULL),
(244, 50, 88, 21, NULL, 'income', 7000.000000000000, 'PLN', 'card', '', '2026-01-10 19:29:00', 0, '2026-01-14 19:29:14', NULL),
(245, 50, 88, 5, NULL, 'expense', 56.000000000000, 'PLN', 'cash', '', '2026-01-10 19:29:00', 0, '2026-01-14 19:29:38', NULL),
(246, 50, 88, 1, NULL, 'expense', 40.000000000000, 'PLN', 'cash', '', '2026-01-12 19:30:00', 0, '2026-01-14 19:30:16', NULL),
(247, 50, 88, 6, NULL, 'expense', 80.000000000000, 'PLN', 'cash', '', '2026-01-10 19:37:00', 0, '2026-01-14 19:37:44', NULL),
(248, 50, 88, 8, NULL, 'expense', 20.000000000000, 'PLN', 'card', '', '2026-01-13 19:37:00', 0, '2026-01-14 19:37:58', NULL),
(249, 50, 88, 1, NULL, 'expense', 25.000000000000, 'PLN', 'card', '', '2026-01-14 19:38:00', 0, '2026-01-14 19:38:14', NULL);
INSERT INTO `transactions` (`id`, `family_id`, `user_id`, `category_id`, `local_category_id`, `type`, `amount`, `currency`, `payment_method`, `description`, `transaction_date`, `is_recurring`, `created_at`, `receipt_blob`) VALUES
(250, 50, 88, 14, NULL, 'expense', 200.000000000000, 'PLN', 'cash', '', '2026-01-16 17:03:00', 0, '2026-01-16 17:04:14', 0xffd8ffe1006a4578696600004d4d002a000000080005011a0005000000010000004a011b00050000000100000052012800030000000100020000013b0002000000070000005a02130003000000010001000000000000000000480000000100000048000000015069636173610000ffdb0043000403030403030404030405040405060a07060606060d090a080a0f0d10100f0d0f0e11131814111217120e0f151c151719191b1b1b10141d1f1d1a1f181a1b1affdb0043010405050605060c07070c1a110f111a1a1a1a1a1a1a1a1a1a1a1a1a1a1a1a1a1a1a1a1a1a1a1a1a1a1a1a1a1a1a1a1a1a1a1a1a1a1a1a1a1a1a1a1a1a1a1a1a1affc0001108016600fa03012200021101031101ffc4001c0000010403010000000000000000000000010002060704050803ffc4004610000103030303020403050505060701000102030405061100122107133122411432516115237108164281b1526291a1b2172433347225748292c1d126435354a2e1f1f0ffc4001801000301010000000000000000000000000001020304ffc4002e110002020103030302070101010100000000010211211231f003415161c1d171e113228191a1b1f14232c2e2ffda000c03010002110311003f00ef1d2d0e73f5fbe90cfbe33f6d59438783f4d2ce01f7d2034bd8e9000690ce74923493efa6023a1eda778e4f8d347d88d0b21b8beba2a273fcb4b034323dbc680169f9fa6998d21c0ff2d143a1c781a68fb6803c91f43a23c68d84380d1c781a03e9a5fd3480478071a03df48fbf3a1a68070f274b18f1a00e9c78d201a78ff1d2f63a5a1e74d00e48e34b1a0907f5d1ff000f3a0039d0c704674b1cf1a5e33a40353efefa70d353c1e344671fcf4c070f1a77b69a9e34e1ce339e3480c62704eb5320fe7bbea03d67fa9d6d5c185280f63ad14a48f8a7f2bffe62bdbee751d4e97e22a37e9923c0e4fbe87be913a3e73ad0c0291efa247d340f034748003ef8d2fae97dfce963f969810cea6d69da3d0a9cd46a8caa4bd54ae536982544690b71297e4a10a03764277277277e094eec8e46b550aef5d8ca7e857755bf1b934fd925fa83850cb8d4295316cc20b1c775c1b762949091e8c9ca9402b73d45b3dfbca914e669f2d10e752eb106ad18ba925a75719f4b9da5e3909500464729241c1c60c5dfe995c4fdd4ed71eac52a5caa93109998ecaa7a5d5c14469cfc94a228524a482890a682960149421ce4fa7583d6a4eb9c633d24757933ed8a84aa4c07a154deb5a7d76961f75a5a5c11d45b5056d240214b655ee0870782081b3b73a88f4b814a8b50a455665685b74fabd44c6612a420c8dc808182373856d3876800048ce7db516a5f45ead1a8745a7c9ab4142e1d8f55b71d7594b8b097e5b919487109560942430ace54147d3f7226163d9d52b7eb6f552b1261bcebf6cd1694ea62efc77e22e5a9d58dc07a15f129dbefc1c81ee414fbbe67ec536bb1eb2fa9d42854ba5541d5bab6ea88539190d00a2a4a5d434559f18dce23fc46b756c5cd0eeba4a2a54d6df6db2e2da5b6fa36ad0e20e14923f5d53d37a115c9548a0d2c54e9af3143a64e8319c2ebcd2dc2e4b65e65d561240294b20293c8c9383838162f4aecd9962dac2955794ccc90663f214e32b5ad387140819500491a5d29755cbf32c504a93c18e9a8cfa7dd77138e57e5c9a05168ca7264675a654b4ca70975250e04829edb283e93907bc827c73b16efda4334e8b21e79f52554b8b5178ac277b51de3b50e2c0c03ea0ac84f8c1e3c03834eb62ae6cbb829b54115aacd604f5bd2999ab7838eba1486d5952014808d8909c1090900671ad4d3fa5cfc2769ce2cd3a6a936c5368527e2db0f259f85714b2e212a490e6eee1e0e39420fe8a3ad6dcdfec3744aa9753abaab578372a3bd362c2a946669acb31d2d10d2a2b0a5fe62880bfcc5b849f61c7246bc21f51a953e7bf0a2c7a9bcf461898a6a229c4475892b8db14539dcaee36b18483e94957819d62cbb3aa8fcfafc86aa090c546e2a7d4da67baa19618663216cab2081b94c29581e73e793ac1e945832ac97abd22736c45fc4e4b8e331a34aeea186cce98fa509f4240013247b7d47b64d5cf5d560cd2fcb90dc3d486fe0ed79f6c3e9729756ad446153d6cf7187a2385c0b28583849f479382320e31a92b978531a5242d4e9188ca71496f21a4c85943255ce46e50fa12010481a825d1d35aa5d353a7b3261d363dbb12af025bd4f44b5965f0d2e42dd58676ec48517519463d6412a3c7386cf49eb8e2a7b12a7a511e7a2891c3df125d763b74c96e3a85a89dbbd6f361ace3c2d4bce40195ae6bb03c5d78243d51ea2bd6552a9351a198d5140b8a2c1aab6da7bea6a2a8afe215841f429084a9793e361c8d63f4c3aa4abaecb8555ba19102a4fca7932186da291110b9efb1192e8c929514b4028f8dc09e011ad8de3d3d8959914314aa653988dfbc099d5a4263b4812d92c4842c3a31f99953a339c9393f7d432d5e9055291559f22b31e0d60542632ea1c9920abe0d2c54a6494ab6a71bd5b24a0a07f0a8615c241317d4536f9b22a973f524ffed3507a994ca11529aa3d4a8899318bb096971e90b93db6c85e784142564a48040293ef8d6f98ea1509f7dc6d990f2c30f25892e764ed8eb53eb61bdfce405b8da8038231827008d54526ceaedad56b16b575d4e9b4e8340a3d3a97225befad6d3f25994428ab03f2c38cee5a56ae02884ab5b4e8bd32e988dccadc78e97e1dc0f0ed392f2c08ecb5509aa2aed2b0b2971975b2d11e7702a000c971ea493d3f5fb0daee59936fda4d32accd26a42745a83eec669968c52bde5f53896f9412120965df988c0413e39d18bd42b76536d2d99c4b6aeca5d5f6ce23b8ebc59436e91f22cba148da7c10738d40a3d9d71d558b46a33a8cec0aeb774b157b81c952e338a71023c86f6a14d9c290def69284e01dbf53b89c0b33a7773d1eb15272b94df8d8f3ea0c3ac29751096a236cd525c8dce21b5a77a8b6eb6b4602bd476af01272d4fa95b77f6f90a545e641e7ec71a001f7d38f39c7d7407be73ae820078f6d1c7bfd34b3c71a5edf7d002074e469a38e3441e7f5d0078b836ad58f7d45672d026c9056ac8755edf73a973c9ca81f7d577559eca2a9352a52b297d60f1fde3aa52d2526d2c162781cf1cfb688e73a04641e7493e3c1d0c41c7df3a23efc691e39e3407dfcea441f7c687e9a3a03c1f7d3017e9e74bdce74bf5e3406391a005edf6d16c00b48fa9d2fb692080b493c01a4073f74e3abd589f49e9e4badcd72b2aa9da8b7a7b51d96d05ea839363478f951dbb793207d309513e066c71d4fa7fc6cc8ced32a6ca20a5854d7d7daedb1dd98fc5038592a21c8ea24247ca411cfa755c3dd06a9aedcb0a9fd8a1ca36c531869e8b25e716d4871b9919f2cef283f96a4b2af5149f5046524675226ba533554dade29f42a6c8aac5a624c3a638a662b4b8f51932578c201276be095e32e2f71c246b994ba9d979f7a1af8f625d4abf99aa3309d344acc16a63bb185c869b0923be96771505948c956e4a73b949c90382358d6fdf3f8dddf5c86da5e4d32334c468cdad28ee2a5226cd8efa82412ad9feee85051e368cfd46b48f5891687d35b669b5fa8314e45b95585515bd190b718ded4a2eed391b820e71b8fca704e40e62fd2fb42a4fcaaf5ef4fa746767cd9affe0b2aa256c2d7155589efad494949536d38cc94a919277fa490063549ced2653aa2e985591227fc04a85260495b6e3cd21f283dc690b4a4abd2a38e569e0f383ce351b9136e0ab5f354a651677e1b1e8f0a9b250875942d9985f75fef05f1bf86d9c27694e1472491c6b47d3ee9fd42dfb929b52a953a247762506453254c4540c9765b865216dad45490a39420a892720af6e0800eb775ab4273f70d4a75352c3e9abb34d65d54978a531be11f71c2a094e14a2a4ba7183e40cf19ccdcdc136858ca1944ead522bb4ca54f8d4caeb02b0db2ed3d8914f2db8fb6eaf62159276a7c29585281d892bf18d3dbeac5bab9ed43db530b754ca43869ee6c0a71c436124fd42dc4a4fd0e7e9ad6a3a773d8b2fa634b8eea5122d0934f9121af892aef066338cb880e10371fccdc0ab015b7db3c57cdf45ae666a2ecaed470a554604b1b2a64a004ca43eea405018082907c1ddb780338d54a538bc7f40a8b32e8ea39a75a97649814f9f06bf4ab7a455e3439b1d254e252973b6ac254a1cadbc141215e3239d496af73c4a1ca4b7538d3588a571da54f2c811d2e3ee06db464ab712565238040dc9c91aa8dce9bdc326897623f0b92cd4ead622696a539584bc24544f7caf0544edf5399de700eef1c6a4b7bda75fabd7df7a3c7a85423ae7d164c0723d5531da85d89215237a0a86e1b13920257bc2b1c11a9529eef997f60c573d0b45394a8e0ed3e3ce96493c9ce891ea511ee4ff5d346ba843bfae881a68d3878d210bf5d0fd3479d2381fe1a001fa71a439ce87db9ce9dce800688f3a1a234c04e0c8e3c8f7d5515a75b158a8028e44973dbfbc756c1194ea98af3ed0ae54c10bc896ee7d5fdf3ae7eab69234e9abc17211a20ff0096967e834318c9ceb7330e33e3473a6f8033e74e078f6d002fb697001d2d2c1f7e3400873a681f5d38e87d3400bee0e81c7b68f03489cfbe74c087dfb74c8b563d01e8c5843732b9121c95bc329430bde5c56723184a49c9e0633f6d79502f7f89a5bf2eaecba59156971132d86c16528150722b09ce72544041380719249fae3f566ca997fdbf4da34094f416555988ece758925873e0d2a3df4a549c1cad0548e083ebcfb60d790fa5f7952ad076d553ce5c1112e421126cba8a52e23b35a7a4171c4fbacc75304a81254a6f040f7c1ca6a4fc7d90df9e772d2a3f52287584d3570d731b6aa98305c76396d2f82e29bca72738ca73c8e4104641ce848ea1535358661b0b79d69b7bb53def86514c72a7dc8cd6e5646029f6969ce15c0cf03d5a8bbb4772d3e98d8ed5c754a7d1245bd2e9a643929d223ad69516cb65c4f09ddbce1441015b73c6a2b6bda75bb9287755618696f22b93a32e12c3fd8efb2c5726c82e237825282cba852491eb490479d43ea7513d3df9ee576b2ceac5e6eb5f82aa8b15e53336b71e12dd7a3e50eb0bee6e71b215e3d1c13ed838c11adfa2bb0dd7e948f88532aa8a5d54742dbc779284e4ab3ec31ea1f50755edc562d52e2a8c082aa53516db8957872dc8bf1a03654dbaead4eb494905293b924a4e09563090124ab7902855e5cfb39752cbadd3234f8b39f7d4d38eb99096d979441f996946e5048f2b20e34d4a74dd73027566ddbbe28cf32cb8c3b21d4c95b0988131964c90f67b6b6f8f52084a8957800127039d7bc3bb68f38b0624b53a877661ced2821054b53694ad44612a2b4293b4f3918f71aa769b447ec8b7fa66dddad45b7a550a5d2e9b266cfad24a6a2a44692cf6d85294a09495143a12a282b194e372520e1f4be257ee6b75155a2b4834bad56a04e664a2437d965989505fc4208072adc8686c5237257dc49f48ce92eacf555731f3fc06dcfa973dc95d9546ab5a3121b2dba8acd6950649583943621c97f727efb984ff002275b3a355e25c146a7d5a94e29d83508cdc98eb524a4a9b5a7724e0f8e0ebcab56f53ee0769aed49971c769737e3a12db7d6d169fed38d05652467d0eac60e47abc6b59d35a3caa074ead2a5d4db7da9d068f15892dc87038b438969214952812090723209d6c9b526993dc937df4801ce8fb1d0d68308f1f5d38680fd3453efa420f9d0c8ce8e38d3478d301ba7e9a073f4d3b400349273c691f1a434807fb1e3543dc483fbc156e0ffce3dedfdf56af83f6d50771a8fef0d5bd23fe75ef6fefab4b46a2fa72d2cbe7db431a23e9a238f7d32069f3a43dc691d0d301e3ce883919ce469a3df4ecf07c680199039f6d1073e0e96867239d20221d41b9675b28b65ca7b525c66757e3429aa8f0172d4db0b4b84929402520a908495e3d3bb50eab7561fa5d4588106a50ab4ec97698690943412e55d122638dc80de321418680528a3946c2a7309233655c32eb3062c6916dc14549d6e5b5f1517b896dc7639242c34a5a9280b194a805100849190483ae7f63a39732e621e9b6cd3d5539b2e953a35453350f26861aac499afb3bd443855db7b6ee6938714a293848c9e796bd692dac7d8bb2f2ba176e4ab55a646f4566becd356a480bc254d3cbfaf1cb4067db27517475699a84545568f1a58a6c7669321d69f61285486e7c85b09c2947d3dbdbdce3cf03df52597d2ab3262ca956e418cbfc51aaa972185455996d95943e54d1492a1dc5f24f3b8e73aa8ad8e8fdc71ed285489d0be15552834166599137e20d3d54e98b7dc0e2b79539bd2a01bd848cfa55b5290493fc5eddfe3e4a54dfa73d8b4ecfea2b5744ea547446ec2aab42159647752bedb7dd4b7b0e3cfcc920f8f3af1aaf505f8b7b7eec3119264bf229ad46754af9fbc992ebe7183f23311647b6481ac2b1ac39d41aed2a5cb6a3c58d47b65aa0b686dc2e77549752b2e20fff004f6a53e70ace4638c9d655ec4aa3bd605df31293f172a9e2910a0ba64a5bdd0d464b7340cf94a13252e949c6e5329c12401aa6e54bd5ff0019255d649bcfbfe81496dc5d6253b4d2960c9edc98ea4b85905437847cd81b4f919f1f5d6645ba6933e6531883516dd55411294c2420fe608ea4a1d19fe1285a8020fbe47b6a8cb9ecbbb6e0a3bb27f76aad2ee77ed8453668995048690fec9454eb4aef14a8f74b7e9da9052b41cfa4812cb4ac3adc1996b3f222b90cc16ee753fbde4e10b99392e33bb19395272a0467001cf38d447a9d47d87864f5fbcadc90d36caa489a994185b2d2222de0fa5d0e2995206d21495765642bc7a7c8e34fa75e96e4d908834ea930a71063b41b434a4868ba8529a41e00492941c24e3918f240d53f6658d5fa2c8e95a576c5463bf458b4ea7d5e6caaa77f6a59873d2e2528dc53b12f29a21c1f307900001381e74ab7aef9b46ab227db9538effef4d1a6c48f2df6d482966436eadc4ecf9520a72a2727ec71cd6b9aa1aa765eb4fadc2a9bef4688e3a2432d36f2da7e3ad95f6d7909584ac02412950cfd411ad43571cda85cb52a6d19105f6690f446a7a1c75497521e47714b07c0da82921241ddcf238cc5ba7cc54665f558ad55e995a86fc8b668ec3eed41252d7c4a5c94b75b673c9c1706ec003e5d692b76f5cc8be2ea628b4d9e115eacd265373d994111c434450c490e1c0c1486d43b677157710a4f83b494a4e09af3f224966cb022f51edb93852ea4dc769e96c4586a7db71bf8c53c82a68b41491bd2b29584a93b82b62b078d6c58bbe85262c1931ea4d3b167a9a4467c255db5a9c56d4277e3014a57a40241cf1e7548d956e579fbbfa7936a16cd669d168f4ba4d365ae5a5b21b90c41aa0749ce494254f349ee8e14a713b49e4eb777a22b4d5c4cd1e052abad5359b9a80ba7334ca624c031be212ec975c5a124276ad2e95951491f9640f512529ceb3e68155d177018f3fa688e3455c295fae911c7f2d74920f00e80f7c71a7139074d04f39d0021e4fdf44631ce9674078fbe90071907413e4e978279d21c71a607a27fcb3aa0ae3428dc356c03ff003af7fad5abf127903efaa86b54c79cacd4569070a94e11e91fda3ae7eac9c761a565b638e34ec679d0fa8d1d74210d3ee74df6d38e81f18d08058c6744f8fbe9a07f868e800e71c8d019d2fae97db4004e9aa5a5b6d4b5e025092a27e9807ff6d11f4f7ceb1aa0d29fa7cb65b4ef71c61c42539c64949006a5da4e86b72a9a075b9759b51bad3d46763bdfb9cab85c8fc2949712482d70a230785004e70a19c1e352b76f27917557e9eb8fd9a7d14d390b714de0beb96a29f4ad4a006cf4938ce738f38d51b43e925e702d1b9a973292967e2ba5d1a9b08c7292b151723ec92cab2be541c692a4e309017e7e974512d0793d4abceb35888e2e1c934b34f538bcb654c32e052d280ac6e4a97e48ce71f41ac3549d2e77f840de704f48da48fa1c6b46aaf3b22b92a994b8e243d03e1152d0e7e59536fa9437a144e3d094294460e7040c1d6d63b2cb4e4a71a8dd95baeee757b002f282400bfbf000c9fa6aa9afd9f5a1d40aa5629b4e764c8a94ab713167256d84c58d164b8b9692a38523f294ef1cefef2523f8b1aca4e97d464955d440d5dcddbf2696f4653b2e232cb8e2865687da96b0b29fe1ff009357a792010481e06c2a37d4286ddb2fc365c9d12e098c478efa7d0921d69d712a19c64fe5723db703ad5bf6b2eb3d45ac5427b7538f121354d914d7d9905b4adf437350b4a4670404be014918254339c6b5341b72ba9e9ff48a1bedbe6752cd3dcaa2270cbadf6e0ba085948385070a013fd7df24e755ebee0f6c7825106e5a9d524cc810e8e1a9f124456e4179d05a8e1d67baa0a293ea5a0612427c95a0f839d69a2f56e973198eec78cb505cf8501c682bf34bd2524a02127194838ca958e02cff0009d68926beddd332544a656e834db90535aa9ae2c3eeaa3ce0cbe643c8f98805b6a2b0a776ed07691950246b9eb36a117a831a6d0a915066445a8d2dba2bea6d422c6a32231f8869449c21656a92956f1dc25c6c8040042739e2bc955b96740ba83f2c53e6c6f83aa2e6262a5a2772038a8c64ec2af7525b0776323247b1d28d77b7326d292c4457e1f5573b5124970153aaec29edc94273e8484290a2a230afa8e75088348a84cbf2157e9f44994aa1355062a73597e30438a9aec0951df5a1182b38df112a230090a50ddea3ac0a55a756a047e9a528d3a6bf71db8f32d2ea6cb798ea84f255f1895afe4c7e5a4149f51525b527cf0e339357ea4d1760039c697b71c697e9e340f83ae82470f3a4a39c7e9a49f073a1a6022739d0034b47ce9000fbe88ff2d01c7073a59c673a005a39f3a43073a18c1d00393e41d41e7212674925b04f755ce3ee75384f247ea3502a82def8f95b4a71de5e3ff31d26a2ff00f45c24a3b93d1f5d2cf9fb6827eda20f0754881a7df4dce9fe3ce99ee7400e1e7487df4b3ed9fe7a23fc31a001a1f5fb68fd74beba0043255a18fa688f38f1a5e0e74003db4b3c1fae9018d10063c68001f1a034d592a3b4678f7d3c1ce74004007480e3493eda20690000fa71a583ff00be9c063df4d1a60793f2988a02e53ed30939c171c091c024f9fa004fe9a089f15d92a8ad4a61c929014594ba0ac0232094839f1cea1177e1dea374e595b0f3cda9fa9294531cb8da710c8f5ab184e7710338cf23df517e8353e0d628752abc98ae392573a9e5a5c98eb65d6d0d532376db2080708538e909e402b57be7596a7af4d0ea959731213cad494273e49c6a330af7a74eb363dccdf7045934b554da8f91de7190d95fa53ee76e3fc46b537c4f5d32ecb064be1d14bfc4a53729c430b712952a1ba1b0adbf2ee5652090412427ca8679fa875514fe92c786d313204c2b832a333f08e2d7f01f8003bd20a786d21b7d04fb14941f528039753ab28da5cd8a49639e4eb78b2da9719b7e3ab736eb68713f5c2864647b7075ae9d72d329a252e7cb430cc477b325c215f96e76c3bb48c7ff004c8567c7b6a2966d5d8b76dc9bfbcf5343ab80c44912aa6fb3d92fb4eb290dad61290949052a46d0380949206798e5db4ba9555bbee9306338aaabb5913a1358da5d63f0d69b0ea49f9d21d0a49da41c8c707197d4ea34bf2930575659316eca64d931a130fa0d424b687598c4e165b5a14b4a8f1c02942bcfb8c6bd60dcd4ba931124c096dc98b3148432f20e4296b46f4a71e4129e79c7b6aaca7baa957e5bb71259068d02236ccea90da5b4be98afa14d9fe24292a5849e31956df391a8741a4579de9fa28b2a9d29cb9599f12a1f8776d2cbef47452908dc32af1dc496c927d2af4e338d27d569d2c9495ab3a0ddb8e3372d98296dc72a0fad296e3a54904a5485ac2c92701386d7f5e46b5eedf101888ccc7e25463c57de0d32a7e39656e8f87320ad2dab0a21284a82b201050ae38cea9faa4aa5b5d40b26e595564d0686ea9ba7bafa5f2db0cbcd53661ec2dd5008460bf8c1c656de3e64edd4ead4b898bea043935b750e862d3624d4a016bf30aa6209dca239492db0bc25382438738e347e2395d3049131173b43f0f0b8921b72a65229ed29484aa465a53aa1827d252849242b1f404eb654ca8c6ac53e2cfa7b81e8b25b0e34bc6320fd47b1f623d8ea86abdd5459b5ba45168374a2896ac64c25c5aeb6ea56ba7bca873165a4bf202d2952996d9c8732421646029408b47a42fb32fa5d6848891d319876911d68421953495029cef0857a8057cdcf3eae73abe9cdc9b42744d52394fd73aac2a73928a94c4ed3c3eb1f31fed1d5a08f23f51ae7cafd5cb75eaa2327d32dd1e3fbe744e2e5b0a31d6740a7ce867f5d1ce391e7435b881e7f5ce863eba20674bdcfdb480006739e74f48c903ea74d1fa69cde0b89fd740141c4fda59f72cb55f33ec1aa46b31a925895536aa0cbaa8e1328c7716a63873082371c0231efe4ea4572f5b1fa75cd74d0ed2b2eaf773b69c569facbd124b0c2582e365d42121d502e28b6338403f4f38cf3974aed5ea0f55bf6658d62d2a9b42816a55eab21a915b72a8e194db09a82dd7562284609dc92848ee73819001cea734aaeddb07a8bfb494ab3edd8153ec3b0cade9f515b085a9b8494f6d294a0ee576f7ac9dc9e768f7c8e2539a865f6bede9fc16d252af52c8575fd9a9d6adda658569d56ee7ebf6dfef0c511e5478c511f7ecdae7796909216509273e55c671ac957ed0d6e0b49aacb14cac3b517abcab6d344ec244a4d58214af85512ad893c7cc558c1075ccfd1babdc948beba4cfd9d4566e19a9e92abbb1e64f30d3d91396490e042f90528001490770f1e46b69551ad3fd3fe985e10a147a9d62f9eb048b9a35312f165a6dc3bd90c29de71ea689ddb4e02b91c1ce9294d73d6884ed37cdaceb08fd78a34462f417952aa76ad46ce80d4fa9429859756b61c6f7214cadb5a90b2540a300fcd81efacbb7bac0c542e8a05b9725b958b4aa970c27a5d25352530a4ca0d00a5a125a5ab0b0da92b29560804e40c73c85d6eb82e39927aea2f2b7e2d067bd66d10b90e354133109db3db4a15ddd8927fe228e000063073c1d75adc777d0605dd6a5bf705baf7ef44ca7cb55b55476232ea12e22195c94b2eef2eb276009564277640c919c372718eb6f0beff0005256f4ae6c60533f684a2542353eaeba0d7a35a555aa7e174fb814db4b8cf3fde5329514257dd4214b4e02d48009235b4a575cad9ab49ea14365aa826758a97dca947532373cd35dccadae70412d2800707c7b1ceb9bd7ba9ff00b0cf4e12b494efaad3167b6acf06a2a583f4fa7078c9fb6b5ea9726915fea8d560a36479f72df1499ab697979d50a4b32594eec648062be40f092a00673932fa938de76bfe957f611fcd54bc7f37f076c5ab7044bb6d9a357e98979b855780c4e8e87d212e25b7501690a00901582323275a2bd7a994db22af41a44ba6d62af55af2651a7c5a6450ea9c31d2952c1254909e159049038d627435415d14e9cac01eab629a7e5c798e8f6d575d70ad55a8bd73e893d6e519dafcfdb5d2880d494465481f0c80a48716420601df85100940f7c6b5ea49c52a12c973db17239720945fa0d6a8263b810055196dbef64abd48d8b5646003ce3e61f7c60d0ba8940af58cabce3cb5c4a021b92e3cfca4141692c38b6dd2a4f38c29b571f6d6eade9b36a34c892aaf49768731dc9760befb6f2d9c288195b64a492003c13e7542fecf56fc3ea1fecb2ddbf575cc62156bf1a86fa9b70775b43935f1e956082403ee08c8f71a2e574bc3f6a055dfcfc9615abd6db7aeaae526970e05c34dfc69b71ca4cba952dc891e7a1080b2a694bc1565042864024738d7b7fb69b615d3866fd52e7fe092257c1c66cb1fef0fbc6498e94a1bcf254b191cfcbc9c6abbe9ccb14ab82d7e9a75ce9f19ebaedc5adeb3ab8504315661b41405b646021f4364256d2b2780ae7856a95e855d22eb73a2963cea7555ba7d3ae0ad5624ce7982dc5953995c9763b6cb98c2f6ef5a949f2081f4d66a72524af7fb7dc3d79dceb5ae7576dfa0d6ea54aed55ea8f52a3baf551da653dc90cd3c2182f043cb4f095a903d29f72478d7bd0fab16cdc95ea3d1a8550726c9ac503f1f84e213f96b87bd2804e4e42b2af948e30738231ae7ea5de95eb7ba97fb46229568d66e28ee48648914e7a3a045713031eb4bce21582369ca42be5380780631fb2e3ce1ea474c5a5056d4f485e56318c66aabe4fdbd231abe94a53cfd3f94dfb2074b9ea91d617c7536dbe9c0a31bc6a2aa7a6b13d30622fb6a527ba413ea2384a40f24eb4f79f5b6d3b164dcb16befce0edb74f8d52a88622a9c0865f77b4829c1f51ddc91ec39d573fb525299afd4ba5b46991513a3d4ae19118b2ea416dc5aa1ba1b073e3d7b4e7db19f6d57163d29deb3542ed84a96b4cfb93a4347604892e1de64ad2e2773aa09f57e6a7d4ac723c0e752fa93d4d2f3ff00cd82abae6f4757562fba3d0aeeb56d8a83cffe2d74895f860432548508ed075c2a5f84fa48c7d4ea44144a4f276eb9a7a3332b3d4fea5c0b9aaf14438fd3fa0396bcfdd237a9cae28b5f14129c6362128c15e46e2a4ed2a00e3a5bdb5b45ea564af516372549500527c82320ff002d104e4a860138c9fae90e74b57818d5b0dbcd2da75b6d6da8e548520104e739c7ebcebd3ce49e49d1f3e3c681e06a44107d433fda1ae68b8db41b86ac4a80266bdedfdf56ba587cc3f51ae76ae452badd49446774a74fff0099d6bd3ad540e5a363a1f43f8b034ef19d5595ceaacba0d42e9764404ca8344ada69488ed6038feea635337ef278214b29231809e4f8d632928ab634acb473a00f1ef8d5395fea8d6a0daf5b7690634dafd26052ea4b6fe089696d4e75c421a002c92a476d4ac83cfa78e75b4b9fa9151a2395b7a1474cb8b45a8a69129b1114e2cbab8289299394abd2805d6d252478dc73e352fa8a3b8e8b401f38d39b212a055edaaadfea95519bcedaa047a33330d54d3cca4b6e6d723b6fc698eb8ee49da528545471e4852b1938d79d2bab932a36e439e29acfc6c9b42657c323704775952521bce7c12bfd74bf1236d7d7f8049bc197d02e9cd53a55d2ca55ad7148812aa311f96ebce53d4a2c7e6c85b89092a4a55c050f23cfd7ceb12d4e98d628372f576a72e4d31e62f294dbf4d0853856d84c52d61fca4003763013bb8cfe82696a5c4fdc489aa7a2b71c4431d95290e6edcf2a3a1d7063d824ba94f9f20fd3523da48ce0e3eb8d3708c953f0d73f615e53fd4e7ce8ef432e5e9f5ef67d66b93690fc3a274fc5b72130e43ab52e57c697b7a12a4246cd98f5120e78db8c1d6ae9bfb3e5d70116bc113e8bf85db5d4b9370d3d01f74a9aa43854b4b392df2f6f5af20f1c8f51d5b5d46bda75a722df8948662b926acf4c495ca6dc5a1096213d24fc8410545a09cf38dd9c1c60e99eeb220c49956894c70d222c88515d438dac480b910932f7607184a5e6014f9f9f9e003129c3536f75ef91ac2af3ed821bd50fd9fab7d47b8fa8ee9a8d369d4cb9ad6834c82f82b53ed498f23bd8713b71db51182412718c0e359b0ba67d40bbefbe9fd7fa96fdbf4d66cba6ce641a3c8764b93e44a8e23a9442db406921237ff173e9c11c8b1eab7b2e3d36cf5444c58d32e992dc68cb99b832cb8a8ae48c10304921a294a720927ed8d69e7752aa74f7a7a64d223a114997169b5128716b1f14fc44bd96d6768eda14eb2924f24289e08009250a6a5cdfe469d3be730548d7423a932ba6d69f4baa73ad68f6cd12acdbafd66338f2a53f11874bad011d48da97144a777ac8183e7dfd2e1fd9cae4b82c7ea54145462d3ebb51be675c96ebac48e0b4f3419532f2b67a43ad29d4293c805409c8041b77a65d5ea2f549ea837404bc9553e9b4d99290eb2a416d72d0e2fb793e4a423071e0e464e9cbea518d735c9064424bd028b35100a98dc5fefaa037313907d242c2cb636f3bb60e777069e9b8b6f6e7c21ac6173966eba656dcab3fa71695bd522daa65228d1213e5b737a77b6d049c2b032323ce06b4d745ad57a97577a7570438b1245168d16acdcf71e7825c8ce3cdb61a71a4e32a51dab41e71b5649e40d6d2cbbcddb95e7634e88dc49429706ac8420ab298f2fbc1b4292ae42d258583ec783c72036a37bb915774ae1426a4c7b642d33b73f870a8434c94a9290092921684fd492481e9e74938bcb21782628f4a8138e3e9aa63a57d36baad2e8248b31da83545b9bfed54459ad2bb88654f49796d3a9da729185a5580729cfd753d37c454fc734a8d244a8cf263a196dbef2dd77e1d0fb894a13eaf4256339c1cf03248074f37aa91a33354910e222a28667fe1f01b69e521c9720c013108c290002a04246338cf3ee0449c1bcbf4fdff00c1d62caee35b1d54beaeee97bf7c512956e42b424393ea539baa898a9ef864b294b6800293b828a8ee38009e491831fa6746af6a27ecd968d269f4edbd42b4ee435b830933180167f10749477b76c0954779448cfbed23db5d1545b9a3d7aa155629cdadc8b03e1c09583b1d53ad07709fd10b6cff00e31a61b99a17926da119c2f1a59a897f70da121e0d0463ce4924e7eda1463e777fcf1055ae73b959da760dcf4aba3ae73a7c1418b73c96dca229721a5fc4810d4d9c8cfa46eda9c2f1efedc9ad2c6e9ef533a6d7574e6b11ac67ee08f4ae9da6835165157851d71a61925d5246e7085001291b92482159e08235d15745e0ed06b344a440a60a8cdabb731c68b8f965b488eda5641212a3956e0071f53edad748eaad15aa4b9528adbafc7fdd35dcedad5f968545090a0924f29241f71c73f4d0b4c709ed4bf64fd9b1b5797ebfd910ea05b977df770f4c2a2d5b0f531bb7aee4cc9e972a1197b6288e417810be46e594ed0377a49c0041d463a09d1abafa5bd5ebd555442a459629d1e1dbd354fa144c74bea750c6cdc569ed87148ca873b73e08d5cb72ddb50b6add6eaeed261c8df321464b29a8a93ff32eb6ca0ee2d7b38ea723fb209ce78d4a9a0e1423be9421d2077128515242bdc0240247f21a718252bb77f6af616e551d0ab3ee0b44f531575c0100d66fda95529f875b5f7a1b81b0dbbe82719da785615c72356d0f3fa6b4f6bdc0cdd3454d522c77e2b4a93258087d3b55f92fb8c9563e8a2dee1f6235e51ae513aab2e152e13b39a872950a4c96dd46d62406839b569f980c2923201e5438c73aa8e98c52424aacdfe307487bfdb511a4dff1a6db8bac5422ae013324c4446428c9716b61e532e101b493b42d0a24804048dc7033810fa8f499b597e03615da6eb068a993b814ae67c32646cc79c142b8573923db8257e2436b1e964c33818034d1e0fbe803919f63e3475a08727e61fa8d513558e855526a881932164fabfbc757b01c823c647f5d50b525ff00da333d3ffcf5ff00a8eaa18989ab45edfc27ceb9fba89d2bafd61dea0cfa0d19c7ea758aa3ff0008b135a477e2bb404c32a1b940230f0c0246f0727942883d038cfdb4860fd33a87053592e387673dbfd24acd3e8f74c6b72df441767dbb6bc469b8d218643afc37de2fa1242860a1b5206e3807809271ada5f9685e6eb978c0b5a048911ee0ae26aaa94c4d69a42a3a296db262ac2941454e3d1928c63614ba0950c2b5778001f6ff000d1207d350fa2a4091c9741e84750a9d5b699ad4a7ebcc2e9b0d6dd466496ca634c14d9c871b210a4aca53316da810390f6093851d4ca8b605db1edda1fc7519e4d599e98542972807d9213527951d7d8002b195290b20fc800033ae82e3f4d11e3f96a7f0629bf5ff0002e8ae3a3d684cb0a9d54a01a7394fa3a5d62653905f4b8868bcc23e2184f25436c843ab39c8fce1827c0973b6a521fb923dc4e4675558619532d3df14e84250410476b76c271ee539d6e53fa687db5aa8a2161153f596df5576a7631a85bd32e6b7a2d4672ead0a2b01e2b6dca7486501492a1c15398cfb123c79d558e74b6eff00dc722bb47aad52e7fc729325d7da928ef85b5426633aff0070ac85e1616951fe25647380ad755819078ce347031e07f86b37d34db77b8de4ad1b1125f4be974eb8ad6b86a91d98505a931150f129b5a1b494b800583bd0e21277364a92ac281e33aaa2a7d3fbb2a56fdc950aa512a922e2995da5491b5d01d5a114a8ed38af4abb64857710a2014ef0a23c03aea0c0fa0ff0d2c7db4e5d3d6edb1f6ae782abe965a936dcb9aacf4989508f1e5dad430552dd5380cb0f541c90d824f94a9e49207037800018d686e0b56bf5db8afb814aa5cb654f5c4c55599ae8ec32fb4d519843486dd390a2a948d8ac0f4a438720edcde58d1c0faff3fa0d0e09c74f60ef6cacfa5f02a29a9c9a8cea54fa5c7fdd8a253009c909715263994a7920677109efa06ff95473b4903271faa91e4bc8a826dda555dca9caa5ca8935d8d116b664c45447ca4129042dc43bb0207fc4ca8a53e95ab52cb4af4174d42e18bf85caa67e1129a650652921721b71843a97760e5b042b012af571c80781e912e89751b8aab4ca5539b911a932d10664854a085b4f2a2a640576f1ea6f0eb49c83bb2a3818493a99454a3a5bdc23f9762a9a0d16a962d5e871c42b82a346a2ce9aea5d305e96fad89503ba80a73e674a5e43ad12aca81ed03b429275afe99d955bb5645b4fd762d767b8cdc8cb0e467d9716dc70684cb3f167048f42da520b9b948dcf383956d22d2a95fb50a5c6ab3afd1d87ff000eaa42a7296ccc51438b92b69036fa339429e6f70c6304e0e411a9bb3dd521b0f04a5dda37a50a2a483ee0138c8ce7d86a23d38b96a4f9c43b55440fa35485d12c36a23f065d3dcfc52a6aed4c4143bdbf8e7c34483ceded06f67f736638c687c1483d6d54df8493f089b4c3424f615d9de6693b3b9e37e003b7ce39d6dba757f53ba996b337150db7db86fc890c212f0215969e5b64e0f3ceccf3f5d62dd3d41168c79b2eab4996880c192865e53a94992e351952308473e8525b7121471ca3c6083abb8c6317785f0196df3b9a0ea3d02a170750ec4891a5d569d4c542ad226caa70285a0ad8690805dda7b67d4a524f0772063c6a2bd4cb64b13ef08f42a6cd4c68fd279d4e8498f114ea3e65843493cee70048c239273fe378429139c765a2a30510d2da92195372bba1e494e49c6d49490723047dc1d449dea7c662b15088d53264a870a73b4d2fb2e23b8ece6e2fc51650c28852b2df0923254ae31b7d5a2518e5f9f8a0cb5446ae034bb83a67d9b3ea73eb8cb573d110f3b216fbee21c6aa50cba821437276841dc9c0093bb20738b7c7fc4ffc7ffaea21604da734c552834ea57e012691314a9500480f84ae49327b81609cef53ab241c10a0ae36ed265c01c64838fae35a46eb24d2207d1969f6fa7cc266970baaaad59c3dd6d6856d55464293c2c03f291c91cf91c6b0254fa7523abb09ab74cf356ac3fd8aec04465f616d223296dce2a202525252d35dc493bf706c82529d934aed7cd14b094c09b50538875d5761194b6db6015952cfa41e404a490547c700918b48bb7f1e909348a7c9934b2f967e3d2fb45b1f9297039b7764a0ee09c8c9dded8e7538c2f03ecca828eeae8b16d1aa4d72447a734bbb1b716a8ab214f3b314b69276a78ca50e14f195606092467d3a0b68cc9109f95733f319768d5b69e669cb42425323f0684c95385492bdc82b7b80ac6e5671e91ab8eb37443a2cb8b0df321f9d31990fb11d800ad6db090a70f240e37a079f2b4fdc8c0877dc39f51851d30ea0dc59cf263c49cf3210cbcf18fdfd8904ee23b60e16014952549ce4730a118cedb1a4e8940fa7d3447275a2af5d70ade762477db912e6cc43ce4689191b9c750ca37b846481c023c9e4a801c9d6c29155895da4c1aad29d12204f8cdca8ae804071a712149560f23208e0eb64d3742a66c11e463ea35494da63ae4c90b09cee7547fcceaeb41f50f6e46a1c292e2fd5c73ceaa32d2c86ad5592f1c8d0e79ff2d3bf84eabc8f7f54255cb72a445a6c5b5ed89ea8357952a529990c04c26e5197823616807528da7071b97bb8da65c92dca2c0f7ce9c4f075814bac41ac32a7a992512108202b00829ca4293c100e0a48503e08208e35e32ae3a4c07272675463c7f8064bd2d4e2f6a184041592b57ca92100ab04e768ce31cead4925765a3679e74ed6052eb302b0d3ae52e5b32d0d14a565b57ca5480b4e41faa54950fa85023cea1ebea2badddbf87aa9e8147fc6d340f882b507fe34c6f88dfb36ed2ced2946739dd93e359ca715fa93e593ff006e34b9c687cdfcf487b8d508493c7eba193eda77819d37ce740041ce73a43ce883c7ff00ad11f6c6801a3ebeda44fd3db47819fa6867e9a0087da515f6af0ea03cfa16969faa442c9521437014f8e090a20023208e09c1079ce40c4b8ae1a7db773b4fc666726729257554314d75d43d0db61d73baa52524128d9b52412a2a506f04a9389e64e3049d20543dc81f4cea1c5d5208e0aa6b6b893ba6ac8a54e5551c76e1a4c890f961485296ed563b8aca76248001c024701233e0ead37596df4bcd3eda5d69c0a42d0b190a49c8208fa609d7a6e57f68ff008e9a38fb69a8d0ecc7834e874d6d68a7448f0db594a94965b080a29425b4e71f4421091f6481edaabaaf5ea15d953b8957127f12856a3b323a2da436879e9ce7c290e3aa68fa97969d79086c7a4852947728808b6c0e74edcac11b8e94a2e5b0274571695cd00d4af2989abb68b5614a831a0baf292dc36946335b90cb878524a9c6c71c6f253e73aacab5788a17526ad5daacd79e7e835aa8c89340430da0314b6e91913ca71bb729d43684c952b1b5f537c0c817f5cd6dd32f0a2bf47b8e399b4e90b696eb3dc5202fb6e25c4825241c6e42723c119072091ada95a883cf07db532839567604e88858b06125bab5558ad44b82a355981d9f2a2388532da928096d86c24f094200033952b2547ce07ab5469a2fd7aa8ba451c41f842d3751135d330921194164a3604929f2179c247d752ace79fa9c9e31ce90f7d569c20bab2137e5db16953a996d3f548d44915e8d2dc13e43884a586180d874a42c805c3de484e781ca8838da6374a9f44a05cb6dd02cb12223aaad394eaa44756b52dd61aa6aca64290491b0f66361ec00770f75f36abed36fa76bada1d490461680783e473fa6b0ea1518545852aab525a23c684c29c79fedee28693c918482a3e3c0f3c71a4e0ef5594b6a2aceb2bdf8949a0c28d534d1e34a8158dd566196de5971b6903e092a50380efad4a4230e284721252412332c4a943bda45bea84a8945a5da8cb4db7426db0d3edcef8348285209dcd34cb323686f192a512701237655bd705b76fb6bb7a970eb555a9b73a7d464c37a325d94cbea5265bab5024247fce37b36ff006d291c83a9abb22914ea7b970545a8f4b690c192fca94c2595b28290545c24652718073f4c6a22936e57f507e082f505730f51eca8f026aa0a5ca3d794b580820e1a8e1390b18c05282bff0008cf190649d2865c8fd2ab1597c361d6edda7a561b712e202847403b549252a1f420907d8eb1a5751ed969cdb514484545a5c860c2769ea5494210da1c755b304f6fb6a6d6483820a472af4ea5b4c7213f4d84e51d4c2a9cb8edaa22a381da2c94828d98e36edc631c634e3a5cdc9307695332527faeb15950ed23c7ca359891ea1fa8d6a224b0a88c12a0496d24f8fa6ae4ac94acdb7ffec6a83ebe7c73712bf3edca0d5233f168f3d15da9a1286989b4b14d92b4a77e4971697d4d2509c05a14578c214b2abf0f04eabf9976c0b85ea850aa94a8ced3675524dba113b2b4cb9098c5e292d84905a5252e039c7c87ce74a6b52a05b1896efc7c2baafeb966532aa9a7cc769b161b3f0ea5beef69b2871c433ecdee77e6f7085abc004d4dd5e895f66817f4791429884c3abd56e013ca15f0c602688eb68712f676873baa4a037f3642891b7d5ab8e8bd518d3d9a326a10170e55563d52436db6e87128441712dac93c7cc5492063201c1e41d67556e6a2d43a573ae7ae4132edd936e2ea53213ed0529d8aa8fdc5b4a41e09282410759b506b0f6cfb845628d0daf267d3abd7bd7a7d1eac9a5299a5468a110d6b7a4badb6a4bcb6d903794a4ba81bf183b144640c98e396cd4d77ba6a6ba3d554b3d4d4c8ee254e868444d20b424141ca7b7bb28dc00f591ce41d59d49bbe1ca9f58a5ccec53ea1465b0dca6fbbf949eeb5dc6c256a0904edce4638c7d34da85e228f538916a74d96cb13ea469b05d4fad521d1197237048f0821a5a01272543c0041d5ba7252be582551a64993e3f96bc485775454e9482406d23c7f3fa9d61516b8d567f116d2df6a553659872dbddb821deda1cc0560646c710738f248d62cdbbe890999aecc9ec263c290ec692ace763cdb25f5208fa86c157f2d69a955d82593768564a92b1ca719fbe9c3df1a8f4bbb6974d2fb721d65b7a3acfc4b21dcb891d953c0a538cad45b4e768f60af38e640cafbacb6bda51bd015b48208c8ce3079d3b4141c783eda70f07db401e39d13f7f6d0200e41c71a3e339e74bdb4df00fbe4f3a0043efa2484825470069039d21c69808f8fbe9019d2c68a7c9d201dc60e81fe7a70f1ff00be9a7df4210bc6870073a5c68019d318523d8fd7489c6744fd3c6980fd39d1602d696ecba21d956c55ee1ab6f30e9915725d08294a94123c02a20024e064900679235bb1e0ff009ebca44666647763cc65b911dd41438d3a80a4ad27c8293c11f6d276d34869f928baa47a2db4dd4ef5bb2b91635ed518352aac27e0ce5222464b5123217190ac80f610c30a3b812a295ad294a7d225b7bdd6c9e89d6eab5982a992deb55750954b61c5a5d505b20ab090438948512370c63079046a64ec2b7fbd1285221d34b8e2173a3425466f1868a12a7529c6014971033fde1ac0a9d068d4bba24dfd599af30e42a1394e77b853f0edc6eef79c591b771512948f2460600c939c343a6bc949f72a5b46ab39152bead16ae28156ba2ab514b09b85d71294baca29914bcf06124b656c879003682376f42958f5ab579db74562dbb7a934586e3afc6a641661b2e3c415ad0da0212a510002484827000d465732c38e1886e43a4b4a82f38db71554c4a5511650da9d3b367e58d8f3456ae06d5824e353740edfa40090060003c6aa114b3764cac727e603ee350482eacc28c46de5a4ff004d4f13c287ea355f53db57c045f3ff00051edf6d74f4e2a6e99949b4b04f95efe71aab3a696786ebf7555eaf1aa0d496ef1a8ca8287dc525a21c69a6bbc846064140524139c6e5e3cead4e0e7918d416a7d4e874e835aaa1a5ce9547a33f262cb98d2dbf43ac00540a14a076951280467949c80304e12718bcf3634a7582aca6d3ea34ba25a755aa516b2e32c532e966408f10a9c43f265256ca54d637e5c085ed206324648dc352db968954a67ecbf51a2350a4a6b11ec4307e1193dc783c218416d253bb72b771919e75bbb9fad16c59d58aac0b89f7e01a6c792f2e438006ddec466a42db41ce54bedbc084f93b4e35b3a375169558930d8659991d736a0ba7472ea5202df445f89527839184058cfb942bdb04e308429c6ef145a75457b2ec2a9556eaea031169546a9c7156a43d145db05ea8465a1b85b5c5b454acf746e29dfce0956739d499fa8d36e6bb264b9ec542548b3663e6934744671a2ec9447215201384ba4a1d521be760dca3cab1b24b715eb0edca942a6ca6244997329f367b496ca40ed45ed777927e6c3c9c0f0707246b5a3aad482653ac22449a7314362bc89ad2816dd82f6fedad293850512d9f49038e73c11ad1a49ee2ed935161d4205bcbbe5dff007a816aa6b68931275494e277bd29b6d6f049706eed879c032780a52d39013810eea25957754edcba2151a13ff1d36e3a9ce6032a4157c2aa92eb0dac1240c975480139cf3f63ab6ab10e81d4166bb6b57e22aa3121488bf191dc5a9095ac6c92df292094e42491e0e08208c83263e49fa9c9d0fa6a71abe710b052157892977bdc6a76321744af54e9f37ba55b52b874f8e971f52f20e13de0cb452795052b82127576c77d32586a42029297909700524a4804679079079f1af40b3c9dc7fc744f3e4ead469b103f96979d2f1a7271cea8004791a6f93a72bdf43db4c003db44690d24fbe8402f6d2f0723471a19e3eda003bb43ce743c67440c83a48043453ef9d01a49fbe98009cab47e9a193b8ff8e8e78e7400bc93a078071a238d21a40553d6e6abb4ca0d5ee7a0263ca6e996ad5a3aa2b8e3885a9d7551d6dad01293bb0185020907d4307cea53d55a99a374f2ea9a9752c3b1e9ae38dba657c386978f4385cfe00957a8abe893adecc729d39f5516a023ca725455baa84f36161d64282544a4f05395241fd46b4359a252a997155af5b8ea7d9a7a68029d2e3c9081110c25d5bae3abc8ca890a09c138001c0ca8eb171552a7b949ec555579328da1d5da4d52e2a78b9a3ca75d913cb0a4b136331061beeb25a2b3d94965c0cac21448dc5c1c9205f14aa8a2b14b8551652a437323b72109579485a42803fe3a89487ba7c2146a54b8f44115b94a4a203b0d23b0f0427715b5b72de10ea372960001d464e16333851e4e7cfbe9f4d69133d13c903efa845311ba9b0d44a7258413ff009753647cc3f5d45e961b14c8602463b08f6feeeba3a7f96473f55d4493107e9aa2bad0d21ba4dd54cb4a8f52a8d46e0872d358871587148219885699200053bd452d320a7973704e14a47a6f51e0eaa6baff00688b62d5aed7a8ff00865cf5d72dd612f566551e92b951e9e143761d58230a09f511ec327f8558e6eb28ca34dd1d28acefdb6d9bdba8d71bf5282eaa88cc3a9d421b820e3e29d8d16918395a4850de95b67824e1c40c615acde9e535f333a732931ea8db4cdf33ca9b7d4b5250855124a038a04719501c93f338bc7cd8171d13aaf6e5c97942b5a872a44c993adb6ae48b252de23bb05c77b682144eedc4907052383e7391ad0c4fda0ecf9b53a753c3b39976a373cbb65853cda52954b8e3d673bbe424a529f725438d66a108caeffdbfbd0aef3cd875f942370f512d1a7b8b9f163c8a057997a54352525085fc1a4a3714ab6a959241f2366a29d47a52e046ea2506d7a5a8458bd348ac42891dbdc0210e4d486900a4e484240039fd3c6a7b58eb2da36fd5eeca5d6ea2e425dab4c62a556796d12d34d3c484241192a5f03d2073bd38c9d78dadd6db5aeaba19b6619ab536af2a109f059aa52de87f1b1f9cb8c97123700064f83cf19c1c692d13c5e73ee81a174f67b159bc3a8153a629c914b913a0a234a0d80d3db6137bbb6af2bc15004fb2b29f208d585a702a511b8e4f035524bfda42c4873aaec3ee56cc4a355154ba954d14492a8112425c4a16976484f6d012569c9247041f719b4d430d892f05b58ff11a59c6a3748bf2835cb9aa96ed22689553a7428b39d084e5b5b12028b6b42fc281dbedf51f5d78dcbd45b6eceb86daa15c952440a8dcefb91e9695a4ed75d46df4157849256909cf92401ceab52ab0257a78fbfbea3946bd689705c9725bf49985fab5b6b8edd519ecad21953c82b6f0a230aca41f04e3df522073a69ea56801a1e347c9cf8d0d002c60f3a2071a1f6d2c7f2d300e86927183f5d109d20063453a44f9c6927927ec34c018d224689e4927407d348018fa690e463471edac3aad560d0a992ea75a96c53e9f0da2ec89321c086da40f2493e068033071a03c6a3149ea459d7053ea93e8574d12a50e9485393de8d3db753190904952f693b538079f1c1d62d2bab761572a0d53a8d7adbb3aa0f381a6a33153696e29649012120e72483c6a7547c8e991eeaf3555a4b12eeb86a846974bb7674796975e5b6ea14e3f19c0e236209500865cf4ee192523dc91bdeb24d8b4ee9adcb267b8596911c6c77bab6836e97101b59523d4025c29271ec0ea5951a6c3ac53e4c0ab456674192d969f8efa02d0e24f90a07c8d42ee8b82d5b7eeb926f9bd29502354e928868a0d4a432d34e8ee385c74859cb85616118f0024f9ceb29452bceff72a2ddaf4205516df8368754d152add25fbb234d767d4e418e52c4b8ac4584e38c864a94a65b547ecb4ac2d64156fc9c802f2a7ce6ea7062ce64290d4a650fa02c00405a42803f7e7510add2fa7542a4d2d172356d53696e4b2b80a98b69a69c7d692a252a51014549492793b80e73a98c29d16a90d89d4d96c4e8721216d488ee871b713f54a939047e9aa82ab5626f065a3191e3db504a3a9469300ee57fcbb7fe91a9d23e618fa8d4628314ae874d50f0a88d1f1fdc1ad93d2ce7ea5d6091e78e35cc973535fe87f52eefb86e843d5be92751d4966baea5b529da2ca523b492e6cf5161c0a280b4fca4a5270424b9d3479079f1ae71bd97d5f823ab36fb768ccbf29772b2b45b9318a94661984cbcca9a530e36e2d2b1b09dd94e777d479d63d4db0b9e3f53a1781f6551e9142fdac63d2ed86d2d51a9dd288d1e9a869f53ad88df1f94e16a24af8c615939fa93ae62aad29eaa47a41a6d564536a2df546e9a935292dee547723b0dbc14904e0e3b293cff68f07dfa1a83d3dea0f486feb1abf02d8fdf9870ba751ad59edd2a6b2c2a34965d0e950efa9016824602bcfcd909e018b593d0dbee0553a652ee6a0843726f2add7eb9151210fa29cc496109432e92ac2f76d503b7230ac1e4f39ca2da696ff00fe97fa4a6965ae5148d58d5a7f4cfadb71dc35a915ca957adfb56a52e529a0d96952a621c0c803821291b4600184e303c6ba51fea02aff00fda97a44b36bdd16bfc0532b2a28afc01114fef600f400a51206de4fdc6a37d5ee8c5d350575c21da169bc69756876b45a1b7112da10e351568ee2194ef0129404f8206368f03cdd97c5a955a87ed11d29b860c0912a934aa7d6199f25081db8a5c6921bdca27ca8e4000678cf8f0a09e3d1fb325abbbf4f62df4f0a03ee3faeb87291755527f4bbaf565d16dabaae9aad6af4ad428122053d6ec6497d48400b7bc36138dca0af0160e704e3b8927d43f51e7f5d531fb37db35ab5e877fb770d3e5535750beead3a1a24b7b14e467148d8e019e52ac120fbfe9827694753af4f82d3afdfe486fecfd48996f758af4a1d554933e8b66daf4f9a10e15a43edc6215b547929c83cfbe79d467f6c9806a37a58296fbc64c4b7ee6a841ecaca5625468a890cac63c94ada4ab1efb71a99313abf60fed21d4badc9b12e9af50ee1814a4419f488a87900b0ce1693b969f2a5633e46d3c60e74cbc68353eaaf567a41587ad5b8a93415536e487554cf8c1b5c24bac2984f7b6a9494f73ca393b8149f638c1b7a525bdbf7051cbbf4f636dd0ca844ad758fae157a649f8a895091417d8712d94a56d2a9c9521609e7242b91edfcf57da78ceb98ff00647b1ef6b2ab1d4c63a910e5b72049a6c18b35d6b6b339b8ac2d94bac9c0dc92da5be71ee01e41d74e0f7d74c1545244abee2279e79d2e740fcba1ec35631c3c691d21ef9d2d0014fb9d380e3413c9234e1fff00348433d8fdf493c0cf8ce8118d2fe9f7d0309e06801a431eda40649c73a601d456ff00e9f527a9543628d722e5a60353e3cd53719d080f1697b836e6410a6cf85271c8f71e752a3c6a8cfdabab955a3f4da96c522554a0c3ab5c50e9d597e98c2dd928a72c2cbfdbd80a81c200c8f39c7bea26d691ac952f52ea71ef9be7acb5eb0e22aa36e52fa6132de9b5284d853122a8a7838969053ff15496ce0919dbef80a4936674c2b3d32baa97d3aa054e1329bb289021bf4d6ea34b7a23bf16d46c38595b88477548daadc064021271c03aded99d46b2a9b644fa1f43a8d32a26dca3ae4d32888a7c983f1494ff000a5c7d0372d4b57a89caca8924289e6beab75361f59afee8726d0a7d495538b505d6ab119c8ee36696c08ea6dc4b8ea9212405af6f07d4401e5435ccb4a6a9a7febd8a775b73075167d240fa71ae3cb9ebb64f4c7ab3d727badb1e9eb37153e0cba1090c2262e5450cb8d29b6c1c941eea065276f290738015aead372d2517226da339b4d7574f3504c3c1dca8c1ced9701c6080a20119cf235cad3aedb77a7fd49fda113d5c64c3915f8f1d74854b82a902a10c465b6943580a0a01780539033e71b4e1f5daafd1f3ebf71c167f6265d23e8c52a2d8bd36bbfab8e25ea85b36c2d931e7bcd3d0586dc5a9c4bca2a07d696d4139dd803c78ceb3ff0064774ceb4af8abd3e148816c562f5a84fb79b799ed030561bda5b4784b7b8280038041c6b9fe254e3407fa2dd38ebacf9941b2a359cdd5e6d25c65cff7a98643a965a91b015846c483b0f8c14a80cf1dc3665d96e5e3444ceb227c6a85263b86221719b286db5200ca0020600040e38d6b1d2a6d2e648ff9e782449f9863dc8d68ede27f00a5f91fee6cff00a06b7a9f9bcf8d6b280da450a98369e2235fe81abee43d8ce23cf3e743683f7234478f18d01ab287e011cf3a6e07d3441c11a3e793a006900e738d37df4e23927400ce4684010720eb51745c70ad1a0cead55bb9f0511295381b00a8e541200ce3dd435b71c703c6ab6ebdb6a77a4d70b4db8a656e98ada16967ba525529a00edf7e4ea26da83686aaf26ce6f536934e7ea50e4c7986a74c6254a9709b4a16e371e3f68b8ee776082890d2929f994158c641c36e0ea8d22d6662c8acc69c224c61d9319e6109777b0da504ba500ee427f31032a030a5a41c150d53f5f9e9a0d62f5454ab81dae3b47b962b92042eda5f98b109d88ca084e54ea62aa3a12da492bd8a2028e70dea0cd8354e9c5ed537eb1489122894a8145ec24a56e4153321a54d53a010a4e5c28494ab007c3a5438573ccbab369f3cfc7f268a3b7d7e0e8aac572050131155591f0e89735984c129277bceab6369fb655c6b5cddf14576aac531a90e2e4c999260b1f92a09724b082b75a04fb84a54727d276a803c6b43d4c991e540b5971a4b0e34f5d74b097504b80e246700a4f93b71f4e4e75abb36e4a759902e66ab9390999f8fd6e716d6dad3db67e24ad256a23d092971a014783bd2067c6b7d5976f6fb19f844b60dfb49aa57e5d06077dfab445ba8798090027b49614e10b276ab6fc5320ed2482ac79075eb47bda875f95262d1a5ae6bd0eacf522586d85e23cb69bee2d0b38c00138f57824819cf1a83c66d8a7f50ecf828afb71242eddaac990a63b2a44a7d72e129e3b9408e56a270900f23c631a875955f9748ea7d1a906a8d2e25c7765cb20b2cc24213dc88e49429b5b80ee2e142d83c8c6d655cea2339359e64a6922e9a75ef45abb9496a972152dfab53dea8c369b4614e47696d21c5727030a7db18273cfd8eb32e2b8a9f6a5165562b4e2da851b67714db4a715952d2848094f24952923f9ea95e98ca78b9d278e2aac539a1654e7dd436cb07be4c98236ee50384f27e5c64904fb6ac2eb56f3d34ac2595b0d3ca76221a53ecf75b4accb6424a9191b93bb1919191a21372e9b931354e894c7b9a9922a4dd35120a27b8e3eda585a0a55b99d8563fc1c4107c10a046b198bde852a7261469c97a42d52d2d04a4e1d545586e4a507c1536b3b48fa838ce0e2073a82697d69b2d6f54805cf15ca848eda034643c1111a437c927b69682729072a536951f71ad05aadbcd5d56abd227c35b0aa85e4fb6d30ca00424cee32ac82a5272ade31ca9673f2e4c4ba924b3cdbe47a576e6e598df53ed3729d0a72ab0d32ccea2aebb143a92953d01090b53c94f92025492479008e35b362eca3489a62353dbee14485a56af4b6b11dc0dbf851e0f6d44057d33ef838e66add5a3d27a7b4398eaa9ff0002c74b6034653d0927d12526304a1432a692a5b8c9560e0251cf8c8953f05370a695158af4684fb6bbb132262996d4d4670551070f217c16f7a036a49c6f4a8e0824107e2cb9f5a2b42be782e195d46b5a1c412dcadc47227c0bd505bd1dd0f21b88d2821c7d4a4120212a2013f5cff6558de46abc097529f4d892da7a7404b4b94ca4fa9a4b8145b27eca09563f4d53f4ca9d11eea1d45cacb742834e6edd9f12a6c942432f3e99c8f8c5e0f0b6d4b746edc33b9642b9f330b59c51eaa7509a508db1b8d49092da4058cb4f652b3fe607b67efad233934af9b92e29593f3edf7d2194838241fb69befa20f3ad8cc5951072a3c7df437288c1271a474b40c8b7ee3453d4817c2e5ca54d4d0bf056a2129ec36d97fbcb700c677a8a500f38c206a5216a4820288d01ce9738c8f3a4950052b50cfa8e912a51e4e74d1c8ce88f7c6980f1e0fe9ffa6b1e85cd0e9bff00756bfd035eea1e95fd369fe9ac5b739b7a93ff007367fd03517d85d8f7d41aefea841b1ea1f0f7053e525a5c3932d975875a5ef432a651ca4a814ef71f6db493c6e580700e7539f3f7f6d73f755d316efb6afaa9522a08993999d4ea1c78ec2429d8898f5164c8514e09dca717939046d6db3ee74a6da5865226b2fad14ba72eaaccea5545a97438b2e5d62385b2a5446238654e2c1dd873d121b580939c646377a4c824752e81168972559c79ff0084b767aa9f37f2c052a40eded42324056e2f3601c819572460ea85a75b126eeebddfb439f36aad52a4c1aac699292da0a9d61d349cc7dea4148051dd424a70a09f0729ceb16a684b96375dd0d3d22557a4df51e229a6d290e223a5f84dc75371f2509086d600736e57db0a5648006709c9c53bdd3fec72a5fb9799eadd21a767c59302a6dd4a98c4991528696db5ae2b6c259538a385e1636c86ca4237139f19046bcabfd67b66d88950a855be3114a88d4a71339b6d0e3723e1d484be1b015b89415918206762f19c735ad06a68b43ae379566b8b9ced363b554c4a71a52cb8e914a5a632300254b294e1084fa9407be09d44aed9ec4b8545a72a3ca69f66e6b8933d92da8aa2a1dac37b1c746dc27787da5232403bc14eed42ea49c6efb0daab3a325752edd8751a94032d6ec9a6c77654b0da410dc76db65c5bd9ce0a4090d78e4e4e01c1d6f2b17040b7e8ef55e7bcaf826c20ef6505c2b2b525280909f98a94a481faeb9211590e8eb0bd55953d7514512e3a387a4b212eca92c330582505236853852da90d8393bc100eaf7eae2154be8d90fa2414c37a8e641032b6da44d8c5d71580701094a94a3e004a8fb675a4672941beff00efd88ffaa7cd8ddd4fab146a317d1518f5365f891a64b9cc9611ba2478a1b2f3cb3bb0a400f36416ca8ab7600252a036916f1a54cadd6297b16caa990989d325be96d31fe1deeef6d7dcddc83d8593f40067191aa06f5b8e4dc156ea6cb96fa571a059f72d2a9f31861c4b2fa42e2e120e0a54ea1d70b4769ca8a46139071b4bd62b0da3a8e892e2db4b341b513313f0e4969a44a90a5eee33b76eeddfd91b8eb37d5a57cffaf81b552aae63e4b83fda55b1d82f35504bad7e152eb09532d15a551633810f2c1031b92a5246df9b27ec75eccdfb6fcc8225b7294b61e44929dd19597111d610e1f1c8dcb4a464f25631ae5ebffa8973507a8779d4ac7a79ada62b5587a490eb694b74f8cd52fbee3616921cfcc2b4109cfa90a1e42b5b2a9cd5c4b7af69132aeea93567ea49a0a5a2038c219ae94c9c7f0bb95bccbc1440212b2900849252eac9afd19a38a89d3d49a8c0ae2649622f6e44094a8b2187e3a4391ddda95ed38c8f5214dac104821493ad6aafba04653aa96b5c26589125097de8e10853ad3c197761f73bd7fcc6e3c807583d3d5b8bb8fa96879d71deddd88092b6c230934c82a006072067193c9d55d5282fcde9bd66aeed4129660dd758618676147a9daf29b2a538544e0242801803d593e0634d5271d4bc0a95d1715c576db342abc3a75c72a2b351729f2e74543cc8254c47092fec247948295148e4804f80712249666c74ab087d9712958dc9042870a0707f91d73d7ed07596eddb8e7d6243616c53ec7a9b8e14c60f3bb1721a69496fdd392ea371e06d49c9006ba121b6b6a23087482e25a425453e33b4671ad212d57ceefe087cfe073d15890eb4ec861a75c6892d2d6d85146719c13e33f6d34438e829288ec0282bda436918de72bc71fc4793f5f7d7b7b6901c6b4a42309748a73b14c5769f0d718c6f842caa3a0a0b18c76b6e31b31fc3e34f102138e4a73e122a9c923b7255d9492e8c636af8f50c7b1d65e38d312da50a5a920254b20ab03c91a5480c65d269ee2584b94f86b4c63b984aa3a0868e41ca78e0e403c7b81ac86e3b2dbefbedb2d21e7f6979c4a00539b4613b8f9381c73e34ff001a39c674e9008fdf48707401ff001d38118e4fe9a602573af17e5350e3adf94b4b4cb632b52bdb5ed9c8d6aee0acc0a052973eb193190fb0d21296fb8b5bce3a96d94213eea538b4253f72352f0812b3024df96e4452d0f55992b430e48710da16e29a6db514ad4b0904a00524a4eec7a811e78d6ee74d8d4d8af4a9efb71a3323738eb8ada948f1fe67031ee4e35455463cae9a22f6bce5dc71577944a6caacbf406dc6fe1ff0f3216e32daca80592363a8ef0291b96af4900033deb7979be9e4df802944f354a52602dc510da259a8c70c2dcc024b6974a0ac0e4a42802090759c66f3e4bd2af0481ebd2de8ad30e48acc3690fb8a6d056e63d497036bdc3ca76ad49412ac00a201c1235bf1c139fd35ceb40a6bb5eb52f9b40b10e4dfb71542b50ead344722346656bd9de4f2561aed16821bc92a712a055e95ac74593b9679e34e1272cfd04d2425f0d2ff00e83fd358d6ef36f52b1ffd9b3fe81ac95f2d2f3e361fe9ac4b6c7ff0ed273ffd933fe81a3b91d8c9c7d35a355e7470853aba8b4dc70b75a43eb504a1c71a7832e21249e541c211f7278ceb7a3e61fa8febae55b86915a9349b7e2a5879faa52ee1abc99b116d171d6a23970b0e216b09076a4b03783ee9054380704e4e2d57328a47444cbda8b0643f166545a6e4458ee4a98d29d4831186c80e3ae12701292a4e7c9e7238c9d78d5ba8343a3536454a44c322334874b7f08dfc42e4adb73b6e36d211952d695e1246382473e71415c29ac556bdd5b7cb932545ac5bb5883435aa3ee0fb894b2da59608c773d617848c9249f38ceb36955e3692ecbaad69f7196e9322e75549a5a3e1f638fd412dc7439c04b7bdc75012a570776e048cab58aeb49f3d6bee54a3a762f755f549451ea7525b920374b99f053986d82f3ccc82a4243650dee2547b8d91b73c281d39fbca8aca642a44c01a69c71a0bed95875c69c0db88463256a4384248c7cde3c1c405db7de8d53a051a65699a8d4ae0ba5cb86a7b0369425b8a842834d2061450db88868dc49513ea57cc46a2b6c4b974aaf5aaed6263f0d98350bc5ea9ad592a8cdb9513d95b8304253871041571820f29c90df524b1cedf21a738e728b4e4753eda8d0d331f94e86d2d4a9327fdd495446e2b9d990e3a3f8036bf413c9e0e3201224f4ea8c5ac435c882b2f47ef3d1d44a08056db8a6d639f237215cf8239d72dc4baea366cfb84c3ba8befd9f43b8a4ae5bcc36a6eaafb7526dd21d48032a05ded381ada4ad7c149c2459d693770503ab10e815a311d86f522bf528ee3131d512876aacb8df71a521202c21e4a7df052a00e3cbe9f52526ad6fcf61ca296c5aaf4a8308b51e4bb19856c53cd34ac03b50a4852d29fa02b4648f0543eba63759a597d7b664743a7ba952d64277864e1cf51f9820920fd39fa1d50bfb480a99b8edf76994d9339b62dea9a9c5479e63a900cfa5851c60857191b4f9dc7c6dd6ee81064d52eab377b45da7a2ab78226b0ec62125b54d71294a938230723c91bb2319ce93eabd54972e88af258706f3b4265acaba69f3a13b416fbb1be31a8e4a7d2f769684809dc41706300609c79d6740addbb577910e0c88521e71c9c1b60b40294a8b20332941247210f10951fa91e720eab1b65f5ce8506891b63c677516b0fc90e20b812c459f2241570411875b6120f2029490739d6274624d51abf6e66ee1f87111e76b8ed014db61b5219456e5265058e4ad656a8ea2a184ed536319c927e2557d3daca71abe77a2dd87725164aa39a7c96df7ea50c5499430d12e3ec7e5a03db7193f33639e718fa6b11db8ed5934f98dcb910954f4aa4f7d2fc7c34e2997b63f80a18594bbc1c0395118ceaa6e95bb517eadd2b6999713e2474ca3bb29e7a317d6e82e44ced505a719c28e79e707db513b91ea826de2e4b4458f023d6eaced35ceef7848df5f0dbe1f428000a5a595a7693ee4e3b7ea1751b6979bfee86e34740aabb685484f6e49a7bca4409226b2fc3f5a6325412fa1d4293909c94e52472083823075b0a7dd940a93e23d36af0a4bdf1126376da70129763ab6bed903c141c020f8c8fa8d732f546fe5daf76dedf0d4f72b4d4a8f5362a5f87369717121a59a7a1c75d2a524a424bc9f973c6e27c646ffa7dba0df94da5a63d33e224c8b9aa923e01a56e787c518eb796bc049515a1a464924829fa0d4c7acc1453674026e5a329b6dc1558450ec56e6367be9f530e2b6b6e0feea944007dc9c0d6db18cfd7df5cc749a93cd547a6e86d8891a84ab3adc5d57beb4fc436932d098a8427c6def11dc2afe11e9e73ae9c03ce7cfbeba213d48cfb1893aa706968617549b1a0a643edc665521e4b61d796ada86d393ca944801239275e70eb14fa8bceb3026b125c6c28a836bddf2aca1583e0ed5a54956338230707512eacc38ee5b90a6aa2b2fcd8d5aa4371dc71bdea6c2ea7142b6fd09c0f1f41a34882aac5eccd5e95122c2b728f0e6c188b691b553243ef34a79694a7d296d2a648c9e56b5288c0195cea7ab48eb164dd4ea10a095ad2952bc02793ce3fa903f9e991a5313594c884f3525859212e34b0b4920907047d0823f96a95ea6565fa55d57f3aa7408b06c189292dac1c157c5cbdfef8e421238e7c7db59fd395d7a877cb76bd6203f122b343952c2fe21b7195b8aa93841012ac8250b49e523dc678d3d6f528d7388ad2b4dd968cfae53294a4a2a7508b0dc5edc25e79293852c212707c02b21209e3240f274f97548301992f4e98c46663005e5bae04a5193819278e4f1faf1e750cea452917032edbd45a753a4d7ab51db8f2e4c9682845a7a5dca9c7304294012bedb791b96af6485a935d5ab71b0f3162bd5f868994d934cafd45e880092a725b55488b8e1095677ba1c56500785e31eda5aff35028dab2e872f2b75900bb5da6a06d2b3fef29f4a4385a2a573e901c4941271ea053e4635955db7e9d73d2dda55761a274275c69c532b2402b6dc4b8856410414ad095020f91aa3e25bb56e96c3bb3a89365d218adb9164cea95057f9886e239517e4a125e042839b1c75055b4a0b99c0213937ecc86ccf8efc49692e477d25b753b88dc93c1191cf2383fae9c64e587b89a49e08fb543b52b90a3b888f4cab44714a6da74b8240776ba54a6f79277a43a9c941246f4838c8d63cbb4587eab75cebaa7469f6f55a2c36cd36431b1a8a58ee15bca70a8e54a2b41c809dbd9463279d731509726896d753cd29060b14bb6aa42136cfe4b31d5fbc559c0484901180da31b71c247d06babaa101faa3f538b70c3a4bb460f4476965c796a5b9210bde3ba829094ed790d946d52b3ee0103309a9258ed7fda0ef566b625b766429d06a904438f2a5b4eb71a433505a0ca4b8ef757c85fe69538addb8e4e55e79e65e3e624f9fa6b90aab48ab53ba717d56e6d0999adb36e54e8d584c494a1f05391527df7dc652ee02e39120b8dedf580ca1079c6debf3ff117a7d392784125435de1a5e3fb07fa1d63dbdc50295ff7367fd03590e7fc35e7fb0afe875e3411b6874d038022343ffc06b423b1ec79f1ac494fc4a5b4ece94a6a30250971edb82a255b50924724e54001f7c6b281c67efa88753a4b90ed24bedc533022b1492b6fb6b584b7f8831bdc2107384272b27c009c9c8074e4da5687b198ddcb46933d9a5c248993a2214e888c34852e2842bb44e3202082ac71ce0fd35aeafde1649a8d46ddb8a44297250d455cc88f422fa0a5c9296590a3b4a547bca40db9253b92a200209acba75dc73aeb75389a92e3365a9af0616c80992d7c6a101614b39294a90e2429031951e7800e77532dfa85c9d4da750adb5c58b293434d4d0d495ad115c719adc07d4541033b941a50dc39257ceb08cdb8c5beff007f81caff00369dd7d8b22bb58b4ac26a9f2eb2aa6d1d2ecb10a1291193bcbcfb8841436942777a95b3711c0c02ae0675eabbc6d75c898d49931f0e871875d718fcb925a74b0e34158c38a438ad851c9cab18f3aa56a73a6bbd0bb9ea1557d866a0c5ed35869f6d4a516d1fbc4949682d490704a42781820273f6d17511a1499d478d43bae32a02aad56722cb443dced3e53b71402fa9d2b252a4b2ebaf3632120fa339f3a7294a29631ce7ec3493fe4bf20aecaa943888629b4c2c51e5bcdb2d394c4a0539f6d63b87053864856d3bb8ce4281239d672ae5b5d52db9df1905d95d990cb3310d6f51422425a79a43a0727be1092d8392adbc1e3549d66e2a9572775252e487273d4eb6ea94b8bda85dc121d6e528248030953a3b8da1481e48078dd81a9add0a252ee7b26951aeba72a8a5fb825532a8b6c153327f1488f29b7f9daa024153071b0f23f8b531ea5edcdfe0ad293699d0b12f6a34ba98a64196ec89fb5c52a3b51dc529b087434bdfc7a70b50073ec73c8e75ef1ab34230655c316446f86716587e6a5382e299754d6c3c65452e6e481ce49c0ce754a74a9f9d3bad373b932452d52a239536a418ec2ce5a3359eda01560829d8a0a3ea05438031adcd946ad645e14cb4aec349453550ab1524b919e2a0b71eacb6a6094169212a024246771f513f4ce9c7a8f4c5bee2695b4bb161b726d0855764c6669e9abc66264c6931e2ef7db43af812960241502a780dfee5439e46bce24fb2e00764435d2a2a69ae4c754e25bed86d6e485264a9271ea2a7c282f19caf19e48d54d6dd498891aeaa88ba9b8b775a0aad3725b650ca62ce65b966529e75b5a0ad00975285ec5800a978f6c419d35414f87322d623b116aaed799a5c6f86c2997bf7a185ee5f27ba9505252784ed093e4a8913ade31dbfc069668e8b541b19830de3069cc2a874f7d88cb4c52830a23652975b0401b1036a329fb0207beb265c1b312ea697359a3875b8b2a588ab09c86242c87d7b3fb2e29c215fda2ad579477e7d52b571d096cb6b666f509d134f69650a84cc261ec1e4e09296907f855950f7c69dd5c92d536f2a22d83162baf4105d77624b8add59a5239dc0e461447db8c78185aff2ea697323acf3cd1317287d3ba35324c9911285061292ed16438f04a02be21e05c8cbddc92e38a04a4f2a2a079ceb611e0d99025b2e46629915f81f191d92d8d9b3e21f47c4a118e0ee78b6158cfac81e751eeacd2a8f26cdad4886dd2d1304f8e87a42ca4250eae4c64acac8ce165296c648ce0275e7118a2d4ed88e9aad5a1d0ea0ed7e7aa9f323b8c9752afc673db417029395b8196d6319dcac7071adb089dde49446b52d399196c47a5c290c3511ba3292a49212c30aca18e7d92a391ef9c73adc2ae1a4a10975ca9c44b6b242565d1b49ee06f015e0fac84febc6a98afdeaf3adf5067459eb4d4e89467e2a4294c96cad894e8439b3055b89c03e929e3d89c6b32aeeb56c41b6edda3d619abd3aa35d666c5907b492decad462eb49d89c2ffe64a720029edf3924919fe2524d2dca71ecd96dd459a5d562b0c553b1223a9f8d2194a9ce14e36ea5c654083ece21047b1200e7c6b5542a75b3408ee46a0bccc68b23bae769139c535ea74f70a01514a72e3a41db8f52b1e755443b9dfa2d6eeea83ccc19945a7c10eaa33c94bae4868d5e625a2da82b094e12e048503ea09f006b7caa6ceb7d9b76c9a2d7989682a555634b9250d2dc112a7194e463b3015bd320b61407040242b768d69d3a0d295ab277b6d68506332fc88022d363252854995dc2db2956c1bd6b249485a072b27d48cf919d64a29d41917148ac3623b95b6e02a0bcfb6f9ee263070a8a0807000585738c8208ceab1b5eb4f5cd219a14fa7450a9977561350696e07310e1c85ad25240f502f2e3e52ac70e2c7d8c1a8956930e8fd2f2f3aca9729f5a50f21677acaebd10389504900fa549f73ceec8fa9ab2b1bf3dc4e3b9779b3ed6a7d6604ff8a930ea69a6314d6166bb210b7e334ee5b4a8173f3485b846f56544b8413eac6bdab76cdaf53a6c8a6ce71b851d73197c88b50544534f89285a0a14850282a7d2924271b9679c93aa71faecbfc4ae57d1222cb830a6bccd75b753b1d890ff001a7fb4eb1c28296007ca82b00f6dbc72305b50ae4b72ddb35556a7c14d527dc519c852584952846171450e216a59382b0b617e9cfa82863804a5d44eb1b97a7d4b7ea1645a15e6e3cbab32d5490a22297a4cc53824a43e56861c528fe6a52f72942b383903c9064cdd669cf2965aa84270b614b5ed9083b4255b544f3c00a183f43c6a15d61a6b32a85469afc743d2e15cf42ec6f56e4b7baaf1029401e376dc80ac640240c64e70286d43b25348b3eb6ec4ae401025d5214b6a36c524c798c10d946f577165725ada538ca91e3246b4d5a1d6dcff0048ab46da159564428ec4269305d6d6f48905b7a525c3283f25e7d687327f31befb8e2824e4050e3c1d6d6af6cd3661afaeaf519c1ba8351dc790e549486e176092879919fc856e1b8ac7952013e355af4b2157293d4aba23d6a991195cfa7b556710b7d3dd84d49a9cf5b4c100282d413bd4b2141216709ddf36bd556ed351d7aacc6911d8988a8db11a7be66bca25d92dd494a6028ff652ada942403803183e0a8c6e2b1e7dc2a9bc9308dd2bb695023b51d539711d6de32148a8ad42a21f792fb8a7940fe66e58ce463014a48c2094ea7592739fafb6a05d1b90e3b63351e7a50cd561cf9cc54e3b4a2a6d897f14e29c6db27cb40afd1fdcdbe3c6a7bce3f5d690492b4a896dde44e1fc977fe83fd0ebc6827342a61fac46bfd035e8f28fc3bb8e0842bfa1d3286928a2d39278222b40ff00e51a3b93d8781c9c9d138c107918c7f2d0d2f3ab19ac7adaa2497d87e4d1e9af3f1d811d971709b529b641c86d248c848201da38e359860453504cf31a3fc7a592c093da4f7436541451bf19da5401c671900eb2343fcf4520309da3535d82e415d36139096e97971951d05a5b85cee1594e31b8b9ebcf9ddcf9e75e6aa1d25c335e55260a9c9e92998a54446e929f74b9c7a87d8e75b21efefa04fd3dfdb45205831a251e9d0e2c58f060458f1a228ae334d3294a5a51ce4a401c1f52b27ee75826d3b7d522a521543a629fa9a0a273861a0aa4a4f90e1c7a81c03cfd06b70d9c271f4d23c13a5a505b344dd2a836ba53321d25986a4b02225c834e538e068296e047e5a4ab66e2b57d37289f275a676bf64d68d32a3250dcc5d663394f82fbb4b7c994cb9f98b6504a3d4921ade47d119f6ce9fd4799537e94d5b96a3ccc7afdc01c8f1de782ca23309197e42b610af4a484a7041dee37c8e488e5b8dde35ebadfa8b6684cd12df53d488295419492f2806c3ceb7b978012b42990ac1cec730403ce3279d29739fd96962db248c33662514ea6a69ad30d4592a6a221ea63cd36975c24a9214a40492b5649c93b9583c9c6bdea56f59f40873ea753a653e24775e42e4bc5927738b921d1c0c9ca9f525581e54413ac94d32b93ea901ead4f8adc084b53df09090e02fbbc847714a3f2241ddb40e561273e9c1d5f56e6c981633cf53d4d2659aad29b64bc95a9016ba84740dc10371195738e74ebf2b742ddd19d1576a43af072337122d665a9e7b2a654dbaa2e29b6dc51dc063729a693938c94003c6b3e7d02855d9af7e270624e9adc2544703a9cad31de52565047d14a6527f540c78d525d58a95c70eecaa3c7e092c532d38f53aa16bb9bbb0cd4fb8ea582524770b2d2c242b8dd8f6c9d5a56f549f93d4abf21b8fbae47888a6f69a57cad95b4e156dfd7033fa6883d586b99436ab26e26d2edf6e01a4d45984223ee25e54779592e2fba921c564e49ee6cf51f7c73a62adcb6be2264354180993212e4a7d9f0b01c742d4e819ca773a90bdc304ad3bbc8ceb5f7cf7a7c29545b6da82edcb528659439213c458c55853cbc0c94a79da91f32f0381b9498bdeb25347bf623b096d30ebacd350e1c90f2c3d598edabd79f9482414f8f563182416dd3aa04bd4b0598542a6c38eb6da81162adfdcd2d5b521c79d7376727e65adcc2b9c92bc1f383ad6546d1b526225d36a2c30d99059796c22738c2d04c82e214809582dee7f2728c6f570738d57152a94e99685c72ea1be449a7750a3c48a1c3f2b0aaac418093c676a8e0e3201e0f2759d7a526748ea13d16de8c99528a28539d46f4a5d2cb75a2e3ebdea2329436924233f64f271a51a9258dc3ff002dabdbe4b0e65af6d3f3e9c254084896db4198ad03dbded36a0e046c0405a10a014010424f2304f38936896834674a9aa86ca96e061e79734a54cb8b782c21b56ecb4a53c12ac2304ac03c903500a5dcf50b9ec0a35d4c351c4b35d426b45d78372514f8f5479280829c838523949c0523b801dd8ceeaa7359b5ae8af3f51850dfa446b705469086c9521461baa5bddcc8212e071f68a149c9c294782398d51ad4d728ad2d3aee4c28348b7212e14ba1fc3adc0992cb0fa2529d5385c7438fe5449deb538d82a2727239d360d8740a7334e6e140edb74d8ef46880beb57690ebadbab3c93eaee3285051e5253c11aaaabf5aaa5910af14a67a23cba65a74da9389717dc0dcc9136629f7323190a5240f18f48fa6afa38c9fd75a24ab28892a7b9169dd3db72a5298952e98953aca5b428a5d5a03c1b7fbe80e807f330f65cf567d4a5ff6959c55f4aed37252642e929dedca6a53003aa098ee2252657e527386c29f6d2e282701640ce401a991ce3e9a1e07d754a31de856d98159a3c4afc46e254d0b5b2dcb8b31210e141eec77d0fb6723d82db4923c1030783a8bc9e93db122334ca62bd17e1e58950d6c3c50b88af894495259563286d4eb6852903d276a463000137073a5a6e31dc2da5446dab2e247adb95a6a7d4d3527a1b109f7be241ef32cbcebad850db8e14fb83230485635e55ce9fd16e2aa3d53a8b4f09ee43662879a77616d2d48121a5a78e168752140fd4783a9511c1fb78d341f38c68a15b3556e5b94eb5603d1290c96d2f49765bee29595bf21d595b8ead5eea52893ec070000001ada7b73a3e738f3a58391f4d3492423ce47315f18c9ed2bf9f074fa520b74b8483e52c360ff00e51a63b82cbbff0042b3fe075ef0f061c7c78eda71fe1a1aee1d8f24f247d7c0d6adaba28af2222d9a9c671b96eb8cb0b4af2971c43a1a5a01f1b8384271f5e35b5481b87ea3faeb8c2deb92022a163d15979d664aea8aab36da57b4ad99370436d4e383c296a7d0f24724848238046b2ea753434bcfd8b51b4d9d7edd7696eb931b6e7b0b721e7e210179537ea29e47fd4923f51ac466efa1bf044e66a2872129c2d22406d7db7161d0d6d4ab18528b84240192a39c67075c9f7353245c77bde1360566a3123525f91f8a26338005c745464b89429242b7a7becb492125276a960f048d59f49751fec36d153ad1c9ba69bd86dc5ec25c35c18078381e0f00fdbdb50bad271d543d2ada2f78b25a991d0fc65ef697e0ed293e79041e4107820f2358d56abc1a1c15cdabc96e24542db6cb8bcf2b5ac2109006492a5282401c9246a35d317552a83509cfc879d9336b33dd911dd090a84e07d4831bd3e766c033fc5f30e08d6bfacce045af4809500e2aeaa086d25d0df715f8930427383e71f4d6ba9e8d5f41565a2582e8a307a233f89c50e4cee76125782bedac217fa616424e71ea2079d793379dbd21b98eb55a82a6a18529f73be025212e29b51c9e080e254838ce1431e75ced7822e3b6ab3d4aefcb683cab39753580ea9cf85322a924b696d45383b5a42b3903d606383c62d1eaaea58b2d719d71b6e04e75b8ec2d4522a6655d0cb4b564024063b0dad43071f128f60738fe2c9349f7f9a29453baec7471b86d76a741a93952a7a65cd64b115e53d852db0ea52a48fa0eea92939c7a8a41e7035a1a5d23a77428d329d4c7e053e3439043ecfe24e3686dd71f208e560025e70a78fe3501e70355a59d75b74fba3a97fbd4dfe254d84e48912e36c0f36d37f88bc8c02a001c213bb6e32769fb6a1574f62bf6574fa8d5092fcb875d99518aea90e105c52ae1821077f072158e78f7c7b69466a493a590aab49ec757a6af4a8c2435f88c44082d153e1520659424ed25649e0020824fd342bb41a75cb4c76975e8899b05c75a754d294a48ded38975b565241052b4254307c81ae5c8f71fef0dbfd639a8a92530dfb72a6bfc9497190aefbe853a820e4f2952427fbbe75d56c99a674b125b8e98210d7c2ad0e28bab560f737a718481e9c609cf39c6b5e9cf5acf8f9f821ad326b9d88cd76d1b36454e2cbb923455cc7a3fc137f192dcc3ed1792e76d4852b6b83ba5240503c903df1adfc7a65361d4ea95361a69a9d3036273c1672a0d24846ec9c0c2547e9e79d402a51a3557ac157a75714d394772cd603cdb876001535e0b25608232129f71f2ea066efaa49474e926b41a355ab54d12125d2812022b51d0064f9012548033cefc723439283db97438ad57cec5ed2697495ce6eb5230dca532dc64c91296d85a3b9b908e1401cad5c0f2738d793f4da055aa4fcb7be165ce6d9fc3dd224e4b60b81610520fa57bd2083f30238f1aa8eeb5b759b2af57aa7505a534cbda3b7197b010c626425048078dc4e4057901c563520badba947be94c53d7f0edca4d364406e037dd5bed47a9b6ba87713c6080fa0647b38b3c9046a14eeb1bfb97a6bb9604ba6d2170a2d22786432b75a79865d7c85b8e32e21c4af24ee5a82d28249c927ce73af47615262561faf4aecb13d30931dd90e3db42238714b00827006e279f7c7db557bb5d997bd8ee7eeac9799bc2b2fc9851652bf2dc8b158a83a82faf190da52949c1c654ada3938c4a634c8122e1bd2b7589085d329cf43a6a11b01095b29ef1c6df5294a72484ece72509c024eae334d5a25c2b0ccb6ba796a9a65360b11c9a6c794b90d3089abed3ee29f2f90e00ac3a03a4ac255900e78c675e536d4b416e5525d46420e541a92e3d565ed633203fda195e1b0a740252319c04f8000af1ea9d6edfa15e2c55279a63cca62d62231b13ba1a255565a90838c8dfb128410320286327cea4753b5a5d72b1118b25d814ba0d19d6b7bd25b71cefcc6e6a1e2d00482a48487417371f5b98192956b3524f09736f61acde79b93c9344a15cca44f7a343a925690d979252e21e421c2a08511c2d29701201c80acfd4eb759ff3f3a8fd9f5b8b5ca43eec28cdc531aa13214869a404a7becbeb6dd501f452925409e4eee75bf483b944ac907c2481e9d6e9193b0e07be8119e00e74f1a1a6218079074f1e743ce7ff006d1c68017d7413c781ff00ef44f23413e4e80178f2340fbe34e4fbe911c63401e2a196dd18ce507fa1d7a4671088cca4ad394a123cfdb4c7014b6bff00a4e3fc0ebdda0034818fe11a6d8d9e2383fa6a22df4b6ce64c42d50984aa1c57e2c73dc709434f484495807779ef348702be64a8652464e65e00e34b8c1fd74694f2c69917474ead76db9e8451d928a846f869814eb8aefb7de75f3bb2ae4975f75655f328ace49d7ac2b16dda751e2d222d3714d893533a3c75c875c4b4fa5fefa569dca2461cf501e078c638d48bdb40ff00e9a5a62bb06c6152e8d028a8968a4c61193325bb31f01455bde715b96be4fb9f61c69958a1d3ebd1e3b1578e24b71a6479ad27714ed7987038dab8fa2d20e3c1c6b603efa234e9550eddd91ead59142b81eaabd55865d7eab4e6e9b2d6979682b8e85b8b4a460fa70a7567239e7edad77fb2bb54a28884c07908a1beb7e084cc7476d6b94dca513eaf565d65070acf191e09d4cbff00e690f7c7f3d2d31bb6844355d28b5573a4cdfc39c4c8972d72a52932169124adc4baa43801f5b7dc48576cfa7255c614a05a9e92da897105ba7ba86d99cdce8cca652fb719d4cb4cb25a467084a9f4256a48e0e00f1c6a6dc60e4fe9a039e749423e07a990047466cf69131a669ceb71e6bf29d96ca64ac21f121e0fbad2c7bb65c1b823c0dca03014a0670dc60dcc93243afa94f8402da9d2508db9e5293c249cf38f381f4d640034bdf42515b21591fad5a147af49548a9c42e3ae46111f295ecefb1bf7f6978f993bb9c7dd43c2883eeab5e8ef3856e53e339b4a8b414ca70c152d2b516f8f4152d0859c795241f235b52304e7f968a3dfe9aad31de876cd455ad4a556e8ced267c60623d21a92ef6f08538f36ea1d4b8a2072adeda493ef8d78d32cda5d2ab5f8bb0242e525121b8e1d7b722325f7c3cf06d3edbd694939ce02120600c6a407206478d2c0e31a54856c89507a7b4db665aa4d1a654a3ad4d96dc497d2b4ad264bd20e77249e5721cf18f4e07b6b2dcb2e02a9a984cc99d1529ab9ab775a787714f9905f2092920a093b7691f2e07b67522073f7d1e0e753a229506a6ddb34d2ad4a654965daac64cf75c43087d4f049efa5974bad0580003b1c5150e3dcfd75afa55870a996e43a19a854664482e36e4572429a2eb2b6dcee2140a50012081f30391c1cf3a9573e068631a34a0d4cd45b76e44b5e9629f4f53cea0befc975d7d614ebcf3cea9d71c51000c95ac9c0000f000000d6df18cf1a1c1e345201d56c841d1d2fb0f1a1eda0421efa3ec74bdb4811a001f5ce867ce89193a1938d0014f8d2f7d24f8d23a00f29032cb98fec2bfa1d7bb272cb7ff48d78483feecfe3d9b57f43af78e731da3fdc1fd3403d86a86318d33edf4d2d2d343401e0e80e74b4b4c6150c1c6927c696968408434b3a5a5a0043c1d3c1d2d2d210d3a20f93a5a5a010b1fcf8d148d2d2d21048e33a0af48ce969680003e7eda2381ce9696801c3c6867cfd34b4b400d039d387034b4b400869039e34b4b400b481d2d2d001ce79d371e559f6c634b4b4805e393a5e4f3a5a5a60794af4c67cfb7695fd0eb2237fcb33ff00427fa696969f61f63fffd9);

-- --------------------------------------------------------

--
-- Struktura tabeli dla tabeli `transaction_items`
--

CREATE TABLE `transaction_items` (
  `id` int(11) NOT NULL,
  `transaction_id` int(11) NOT NULL,
  `category_id` int(11) DEFAULT NULL,
  `sub_category_id` int(11) DEFAULT NULL,
  `amount` decimal(30,12) NOT NULL,
  `quantity` int(11) DEFAULT 1
) ENGINE=InnoDB DEFAULT CHARSET=utf8mb4 COLLATE=utf8mb4_general_ci;

--
-- Dumping data for table `transaction_items`
--

INSERT INTO `transaction_items` (`id`, `transaction_id`, `category_id`, `sub_category_id`, `amount`, `quantity`) VALUES
(218, 189, 21, 184, 5000.000000000000, 1),
(219, 189, 21, 185, 1000.000000000000, 1),
(220, 189, 21, 186, 500.000000000000, 1),
(221, 190, 1, 89, 9.990000000000, 1),
(222, 190, 1, 90, 13.490000000000, 1),
(223, 190, 1, 91, 19.240000000000, 1),
(224, 190, 1, 92, 36.990000000000, 1),
(225, 190, 1, 94, 20.290000000000, 1),
(226, 190, 1, 97, 55.000000000000, 1),
(227, 191, 1, 94, 50.000000000000, 1),
(265, 215, 21, 184, 7000.000000000000, 1),
(266, 216, 1, 89, 12.000000000000, 1),
(267, 216, 1, 90, 8.000000000000, 1),
(268, 216, 1, 91, 20.000000000000, 1),
(269, 216, 1, 92, 37.000000000000, 1),
(270, 216, 1, 93, 15.000000000000, 1),
(271, 216, 1, 94, 8.000000000000, 1),
(272, 216, 1, 96, 5.000000000000, 1),
(273, 217, 2, 102, 100.000000000000, 1),
(274, 218, 15, 234, 2000.000000000000, 1),
(275, 219, 6, 136, 200.000000000000, 1),
(276, 220, 1, 97, 70.000000000000, 1),
(277, 221, 1, 89, 15.000000000000, 1),
(278, 221, 1, 99, 5.000000000000, 1),
(279, 222, 1, 89, 15.000000000000, 1),
(280, 222, 1, 90, 15.000000000000, 1),
(281, 222, 1, 91, 20.000000000000, 1),
(282, 222, 1, 92, 50.000000000000, 1),
(283, 222, 1, 93, 30.000000000000, 1),
(284, 222, 1, 100, 10.000000000000, 1),
(285, 223, 8, 145, 30.000000000000, 1),
(286, 224, 4, 118, 60.000000000000, 1),
(288, 226, 1, 89, 10.000000000000, 1),
(289, 226, 1, 92, 10.000000000000, 1),
(290, 226, 1, 94, 10.000000000000, 1),
(291, 227, 15, 175, 80.000000000000, 1),
(292, 227, 15, 176, 200.000000000000, 1),
(293, 227, 15, 178, 70.000000000000, 1),
(294, 227, 15, 174, 60.000000000000, 1),
(295, 228, 1, 89, 10.000000000000, 1),
(296, 228, 1, 91, 15.000000000000, 1),
(297, 228, 1, 94, 20.000000000000, 1),
(298, 228, 1, 96, 40.000000000000, 1),
(299, 229, 1, 97, 130.000000000000, 1),
(300, 230, 1, 89, 30.000000000000, 1),
(301, 230, 1, 90, 30.000000000000, 1),
(302, 230, 1, 91, 40.000000000000, 1),
(303, 230, 1, 94, 20.000000000000, 1),
(304, 230, 1, 95, 50.000000000000, 1),
(305, 230, 1, 96, 50.000000000000, 1),
(306, 230, 1, 98, 100.000000000000, 1),
(307, 230, 1, 92, 100.000000000000, 1),
(308, 231, 1, 89, 0.000020000000, 1),
(309, 231, 1, 90, 0.000100000000, 1),
(310, 231, 1, 91, 0.000090000000, 1),
(311, 231, 1, 93, 0.000200000000, 1),
(312, 232, 2, 102, 0.000700000000, 1),
(313, 232, 2, 105, 0.000090000000, 1),
(314, 233, 10, 154, 0.010000000000, 1),
(315, 234, 23, 193, 0.025000000000, 1),
(316, 235, 12, 163, 0.000500000000, 1),
(317, 236, 1, 89, 10.000000000000, 1),
(318, 236, 1, 93, 50.000000000000, 1),
(319, 236, 1, 101, 100.000000000000, 1),
(321, 237, 23, 194, 1500.000000000000, 1),
(322, 238, 1, 93, 7000.000000000000, 1),
(323, 239, 1, 89, 12.000000000000, 1),
(324, 239, 1, 90, 20.000000000000, 1),
(325, 239, 1, 91, 15.000000000000, 1),
(326, 239, 1, 93, 30.000000000000, 1),
(327, 239, 1, 98, 10.000000000000, 1),
(328, 240, 1, 90, 20.000000000000, 1),
(329, 240, 1, 89, 15.000000000000, 1),
(330, 240, 1, 91, 25.000000000000, 1),
(331, 240, 1, 92, 50.000000000000, 1),
(332, 240, 1, 93, 22.000000000000, 1),
(333, 240, 1, 94, 35.000000000000, 1),
(334, 240, 1, 96, 10.000000000000, 1),
(335, 240, 1, 263, 40.000000000000, 1),
(336, 241, 2, 102, 200.000000000000, 1),
(337, 242, 15, 175, 80.000000000000, 1),
(338, 242, 15, 234, 1850.000000000000, 1),
(339, 243, 1, 97, 150.000000000000, 1),
(340, 244, 21, 184, 7000.000000000000, 1),
(341, 245, 5, 130, 56.000000000000, 1),
(342, 246, 1, 89, 10.000000000000, 1),
(343, 246, 1, 90, 10.000000000000, 1),
(344, 246, 1, 91, 5.000000000000, 1),
(345, 246, 1, 92, 15.000000000000, 1),
(346, 247, 6, 135, 80.000000000000, 1),
(347, 248, 8, 145, 20.000000000000, 1),
(348, 249, 1, 96, 25.000000000000, 1),
(349, 250, 14, 172, 200.000000000000, 1);

-- --------------------------------------------------------

--
-- Struktura tabeli dla tabeli `users`
--

CREATE TABLE `users` (
  `id` int(11) NOT NULL,
  `family_id` int(11) DEFAULT NULL,
  `username` varchar(50) NOT NULL,
  `email` varchar(100) NOT NULL,
  `password` varchar(255) NOT NULL,
  `role` enum('member','admin') NOT NULL DEFAULT 'member',
  `account_type` enum('standard','premium') NOT NULL DEFAULT 'standard',
  `created_at` timestamp NOT NULL DEFAULT current_timestamp(),
  `family_role` enum('family_member','family_admin') DEFAULT NULL,
  `UID` varchar(10) NOT NULL
) ENGINE=InnoDB DEFAULT CHARSET=utf8mb4 COLLATE=utf8mb4_general_ci;

--
-- Dumping data for table `users`
--

INSERT INTO `users` (`id`, `family_id`, `username`, `email`, `password`, `role`, `account_type`, `created_at`, `family_role`, `UID`) VALUES
(86, NULL, 'user1', 'user1@email.com', '$2y$10$b2ibNq9xvgW1n9YG0qMB5OQZD5ZC2kFY3/1j4KMlNamMBJqgGLHGW', 'member', 'premium', '2025-12-03 18:20:07', NULL, 'd#k$L(9Ii9'),
(87, NULL, 'admin', 'admin@email.com', '$2y$10$YP8qX3QF0Dn/RW5Iv275O.v004ekG9KNNRkvJZHCXgNlNqD8GDQLq', 'admin', 'premium', '2025-12-03 18:21:29', NULL, ')sI*$16W5T'),
(88, 50, 'user2', 'user2@email.com', '$2y$10$7wvXoxlSA.kKz7rlfCqdneldBFUerowaZgoBdj6/t3g3D6KffihKG', 'member', 'premium', '2025-12-03 18:31:19', 'family_admin', 'bH*Sjka$Sg'),
(89, 50, 'user3', 'user3@email.com', '$2y$10$COBqqBFV9Gu.CqSUznt7..m4Yzfh6d9GnPnNFvNt7GF2pxLm9RpGC', 'member', 'standard', '2025-12-03 18:32:20', 'family_member', '=I!yqck#Ju'),
(90, NULL, 'user4', 'user4@email.com', '$2y$10$kPZmVLLpBKjX8kKoZQJSmu4QiLqZByO0m9lcBcPL6SzfFght7.XfO', 'member', 'standard', '2025-12-03 18:33:01', NULL, 'SydGDzi-e&'),
(91, NULL, '1d3d2d231d2dd4', 'example_email@example.com', '$2y$10$Z8gKGVZw9gm1nuhaEVCXquMYuejcP3DC/mtgqieYDAAejbpIneN4S', 'member', 'standard', '2025-12-07 16:07:11', NULL, 'y6!Vakv-LG'),
(92, NULL, 'tester', 'tester@mail.com', '$2y$10$NMnXHYuVKRXzUvOwy2Zn1.W7OhPAqjxcHZg2D77MZE2fbGHyq3ZEG', 'member', 'standard', '2025-12-08 12:07:20', NULL, 'ah7LRzFYin'),
(93, 51, 'user5', 'user5@email.com', '$2y$10$D46WGWSLVy.Mvfq5ysf3d.1h91PDRSIPHe5LUUgcud2IBFc7Vhav2', 'member', 'standard', '2026-01-05 12:45:35', 'family_admin', 'u^fC8D%4(#'),
(94, NULL, 'tester123123', 'tester123123@mail.com', '$2y$10$4mo.Y6CC4Tj/KuVa.9YYuOSBPMPDKNAVxJEUH3qVa.rFcz0oMyk8q', 'member', 'standard', '2026-02-08 16:26:36', NULL, 'ZSu9zyeEJq');

--
-- Indeksy dla zrzutów tabel
--

--
-- Indeksy dla tabeli `budgets`
--
ALTER TABLE `budgets`
  ADD PRIMARY KEY (`id`),
  ADD KEY `fk_budgets_user` (`user_id`),
  ADD KEY `budgets_ibfk_1` (`family_id`);

--
-- Indeksy dla tabeli `budget_items`
--
ALTER TABLE `budget_items`
  ADD PRIMARY KEY (`id`),
  ADD KEY `budget_id` (`budget_id`);

--
-- Indeksy dla tabeli `categories`
--
ALTER TABLE `categories`
  ADD PRIMARY KEY (`id`),
  ADD UNIQUE KEY `name` (`name`),
  ADD KEY `idx_type` (`type`);

--
-- Indeksy dla tabeli `families`
--
ALTER TABLE `families`
  ADD PRIMARY KEY (`id`);

--
-- Indeksy dla tabeli `feedbacks`
--
ALTER TABLE `feedbacks`
  ADD PRIMARY KEY (`id`),
  ADD KEY `user_id` (`user_id`);

--
-- Indeksy dla tabeli `sub_categories`
--
ALTER TABLE `sub_categories`
  ADD PRIMARY KEY (`id`),
  ADD KEY `category_id` (`category_id`);

--
-- Indeksy dla tabeli `transactions`
--
ALTER TABLE `transactions`
  ADD PRIMARY KEY (`id`),
  ADD KEY `user_id` (`user_id`),
  ADD KEY `category_id` (`category_id`),
  ADD KEY `transactions_ibfk_1` (`family_id`);

--
-- Indeksy dla tabeli `transaction_items`
--
ALTER TABLE `transaction_items`
  ADD PRIMARY KEY (`id`),
  ADD KEY `transaction_id` (`transaction_id`),
  ADD KEY `fk_items_category` (`category_id`),
  ADD KEY `fk_sub_category_idx` (`sub_category_id`);

--
-- Indeksy dla tabeli `users`
--
ALTER TABLE `users`
  ADD PRIMARY KEY (`id`),
  ADD UNIQUE KEY `username` (`username`),
  ADD UNIQUE KEY `email` (`email`),
  ADD KEY `users_ibfk_1` (`family_id`);

--
-- AUTO_INCREMENT for dumped tables
--

--
-- AUTO_INCREMENT for table `budgets`
--
ALTER TABLE `budgets`
  MODIFY `id` int(11) NOT NULL AUTO_INCREMENT, AUTO_INCREMENT=72;

--
-- AUTO_INCREMENT for table `budget_items`
--
ALTER TABLE `budget_items`
  MODIFY `id` int(11) NOT NULL AUTO_INCREMENT, AUTO_INCREMENT=102;

--
-- AUTO_INCREMENT for table `categories`
--
ALTER TABLE `categories`
  MODIFY `id` int(11) NOT NULL AUTO_INCREMENT, AUTO_INCREMENT=26;

--
-- AUTO_INCREMENT for table `families`
--
ALTER TABLE `families`
  MODIFY `id` int(11) NOT NULL AUTO_INCREMENT, AUTO_INCREMENT=52;

--
-- AUTO_INCREMENT for table `feedbacks`
--
ALTER TABLE `feedbacks`
  MODIFY `id` int(11) NOT NULL AUTO_INCREMENT, AUTO_INCREMENT=35;

--
-- AUTO_INCREMENT for table `sub_categories`
--
ALTER TABLE `sub_categories`
  MODIFY `id` int(11) NOT NULL AUTO_INCREMENT, AUTO_INCREMENT=266;

--
-- AUTO_INCREMENT for table `transactions`
--
ALTER TABLE `transactions`
  MODIFY `id` int(11) NOT NULL AUTO_INCREMENT;

--
-- AUTO_INCREMENT for table `transaction_items`
--
ALTER TABLE `transaction_items`
  MODIFY `id` int(11) NOT NULL AUTO_INCREMENT, AUTO_INCREMENT=350;

--
-- AUTO_INCREMENT for table `users`
--
ALTER TABLE `users`
  MODIFY `id` int(11) NOT NULL AUTO_INCREMENT, AUTO_INCREMENT=95;

--
-- Constraints for dumped tables
--

--
-- Constraints for table `budgets`
--
ALTER TABLE `budgets`
  ADD CONSTRAINT `budgets_ibfk_1` FOREIGN KEY (`family_id`) REFERENCES `families` (`id`),
  ADD CONSTRAINT `fk_budgets_user` FOREIGN KEY (`user_id`) REFERENCES `users` (`id`);

--
-- Constraints for table `budget_items`
--
ALTER TABLE `budget_items`
  ADD CONSTRAINT `budget_items_ibfk_1` FOREIGN KEY (`budget_id`) REFERENCES `budgets` (`id`) ON DELETE CASCADE;

--
-- Constraints for table `feedbacks`
--
ALTER TABLE `feedbacks`
  ADD CONSTRAINT `feedbacks_ibfk_1` FOREIGN KEY (`user_id`) REFERENCES `users` (`id`);

--
-- Constraints for table `sub_categories`
--
ALTER TABLE `sub_categories`
  ADD CONSTRAINT `sub_categories_ibfk_1` FOREIGN KEY (`category_id`) REFERENCES `categories` (`id`) ON DELETE CASCADE;

--
-- Constraints for table `transactions`
--
ALTER TABLE `transactions`
  ADD CONSTRAINT `transactions_ibfk_1` FOREIGN KEY (`family_id`) REFERENCES `families` (`id`),
  ADD CONSTRAINT `transactions_ibfk_2` FOREIGN KEY (`user_id`) REFERENCES `users` (`id`),
  ADD CONSTRAINT `transactions_ibfk_3` FOREIGN KEY (`category_id`) REFERENCES `categories` (`id`);

--
-- Constraints for table `transaction_items`
--
ALTER TABLE `transaction_items`
  ADD CONSTRAINT `fk_items_category` FOREIGN KEY (`category_id`) REFERENCES `categories` (`id`) ON DELETE SET NULL ON UPDATE CASCADE,
  ADD CONSTRAINT `fk_sub_category` FOREIGN KEY (`sub_category_id`) REFERENCES `sub_categories` (`id`) ON DELETE NO ACTION ON UPDATE NO ACTION,
  ADD CONSTRAINT `transaction_items_ibfk_1` FOREIGN KEY (`transaction_id`) REFERENCES `transactions` (`id`) ON DELETE CASCADE;

--
-- Constraints for table `users`
--
ALTER TABLE `users`
  ADD CONSTRAINT `users_ibfk_1` FOREIGN KEY (`family_id`) REFERENCES `families` (`id`);
COMMIT;

/*!40101 SET CHARACTER_SET_CLIENT=@OLD_CHARACTER_SET_CLIENT */;
/*!40101 SET CHARACTER_SET_RESULTS=@OLD_CHARACTER_SET_RESULTS */;
/*!40101 SET COLLATION_CONNECTION=@OLD_COLLATION_CONNECTION */;
